gene,cell_id,drug_id,label,de_logfc
P31645,BDB,CID125017,1,-0.16494105461952557
P21554,BDB,CID57340795,1,0.0407940710291248
P41595,BDB,CID57340315,1,0.4681313053044054
P14867,BDB,CID5556,1,0.0
P21917,BDB,CID4913274,1,0.4768231802171936
P49146,BDB,CID91898415,1,-0.9307270426126237
P34903,BDB,CID9823370,1,0.6838116476857863
P08588,BDB,CID2405,1,-0.18027984433727084
P48039,BDB,CID5311134,1,0.020372483845029876
P08912,BDB,CID1734,1,1.2092596223083358
P35372,BDB,CID6917707,1,-0.2243959386302361
P28221,BDB,CID5074,1,-0.8582610461811795
Q9UBL9,BDB,CID4179055,1,0.0
P14416,BDB,CID10381810,1,-0.17826817830995623
O60755,BDB,CID91898915,1,0.10001054772062545
P31644,BDB,CID3380,1,0.19153657984600514
P21452,BDB,CID55582,1,0.7836489425343753
P21917,BDB,CID16362,1,0.8747631888892311
P35367,BDB,CID57340802,1,0.0
P98161,BDB,CID18433653,1,1.0030910769771424
P35367,BDB,CID2995,1,-0.9542425094393252
P14416,BDB,CID16041630,1,-0.48647675860106077
P25100,BDB,CID16041628,1,0.23564776119194253
Q9H3N8,BDB,CID2790,1,-0.07355897622253416
P28221,BDB,CID5202,1,0.437373917596096
P25929,BDB,CID91898415,1,-0.3766553936042536
P28221,BDB,CID5073,1,-0.8579593480225354
P41145,BDB,CID57340759,1,0.4079242295786383
P31645,BDB,CID114743,1,1.0546717883765027
P28221,BDB,CID9681,1,-0.15671990210752895
P35372,BDB,CID57340768,1,0.9516953204254452
P34969,BDB,CID5073,1,0.5786204567476148
P50406,BDB,CID3964,1,0.021058556576279308
P41145,BDB,CID4428,1,0.13290766627957495
P21917,BDB,CID10381810,1,0.4768231802171936
P35372,BDB,CID12313112,1,0.151267675330649
P41143,BDB,CID6603759,1,1.2522460504731185
P14416,BDB,CID941651,1,0.9466705582983437
P34903,BDB,CID5448,1,-0.7722038181039705
P35372,BDB,CID25075996,1,-0.42276359239706984
P25100,BDB,CID5265,1,0.4798772906856552
P08912,BDB,CID23900142,1,1.5228787452803374
P35348,BDB,CID37459,1,-0.7052443901650172
Q969V1,BDB,CID57340400,1,0.11495451570169823
P35372,BDB,CID57340755,1,1.084320885700036
P08912,BDB,CID3661,1,1.5314789170422554
P98161,BDB,CID57340587,1,-0.7188372491676613
P34969,BDB,CID28693,1,0.5423933215780732
P35372,BDB,CID10322880,1,0.49405241910163156
P29275,BDB,CID176407,1,0.02426185340191367
P35348,BDB,CID10442840,1,0.441192102163118
P21917,BDB,CID5736,1,-0.461028913033962
P35367,BDB,CID3396,1,-0.07918124604762511
P21917,BDB,CID54592327,1,-0.692785951310567
P35372,BDB,CID20516612,1,0.2762064119389489
P35367,BDB,CID3100,1,-0.13956426617584938
P34969,BDB,CID10835110,1,0.742539608748519
P41595,BDB,CID9921157,1,0.6797857058575882
P08912,BDB,CID3602,1,-0.568891628075308
Q969V1,BDB,CID91898991,1,1.2910457747573796
P98161,BDB,CID5476508,1,0.0
P35372,BDB,CID13493,1,0.9294189257142929
P21917,BDB,CID3396,1,0.34116057821712076
P28335,BDB,CID443951,1,-0.3297246759432557
P34903,BDB,CID4266,1,0.025066645310481306
P35367,BDB,CID4011,1,1.1023729087095582
P31645,BDB,CID9925999,1,1.3006542177095781
P35367,BDB,CID3696,1,-0.4232458739368079
P28221,BDB,CID108029,1,-0.3005447897483249
P14416,BDB,CID71351,1,1.2019430634016501
Q01959,BDB,CID11472190,1,-0.2618311938236193
P14416,BDB,CID5452,1,-0.44150961308453773
P14416,BDB,CID9903970,1,0.2988530764097064
P20309,BDB,CID132947,1,-0.1693316754083849
P0DMS8,BDB,CID44282851,1,-0.28679234619282035
P31645,BDB,CID57340810,1,0.010089655723762192
P21917,BDB,CID2818,1,-0.41029378079833645
P07550,BDB,CID2687,1,0.15302539851951558
P23975,BDB,CID2170,1,0.026328938722349093
P41143,BDB,CID5359272,1,0.1618998069674511
P35348,BDB,CID2726,1,0.878332195468932
P41145,BDB,CID5288826,1,-1.6297801575568576
P25100,BDB,CID11957615,1,0.9301786009982163
Q99571,BDB,CID172469,1,-0.07697668659509738
P20309,BDB,CID2160,1,0.0
P25929,BDB,CID57340299,1,0.2665937232429112
P32745,BDB,CID16129706,1,1.6850342263927267
P21917,BDB,CID3964,1,0.23794109130205676
P49146,BDB,CID57339565,1,0.5910646070264995
P28221,BDB,CID2689,1,0.5685126807273306
P35348,BDB,CID4449,1,-0.3861285975663886
P28222,BDB,CID9681,1,-0.127599212285185
P98161,BDB,CID5097908,1,0.8939466075520741
P0DMS8,BDB,CID57340156,1,-0.0015566177120716063
P08912,BDB,CID49381,1,0.0
Q9UBL9,BDB,CID53462972,1,0.5440680443502757
P50406,BDB,CID2726,1,0.20630862156972363
P35372,BDB,CID57340761,1,1.4522976709946303
P14416,BDB,CID16104,1,-0.17096893956845705
P50391,BDB,CID57339553,1,0.5745223426952055
P20309,BDB,CID2726,1,-0.412775038619575
P31645,BDB,CID4976,1,0.3306174410870213
P28335,BDB,CID4585,1,0.37712016473446397
P14867,BDB,CID107704,1,0.2183604217705355
Q99705,BDB,CID57340376,1,-0.013436073200150389
Q99720,BDB,CID3559,1,0.0
P29274,BDB,CID2690,1,0.7862925533383507
P21917,BDB,CID5467,1,-0.016092341685700617
P43116,BDB,CID5311035,1,-0.4275624752788385
P21452,BDB,CID9808948,1,-0.8834446437799199
P28335,BDB,CID3036864,1,-0.2597730063299819
P35372,BDB,CID57340771,1,-1.5890950141635942
Q15722,BDB,CID6852392,1,-0.3936399227910785
P20309,BDB,CID19874223,1,1.3341185180336268
P49286,BDB,CID23928186,1,-0.6613739925439441
P28335,BDB,CID4140,1,0.6903318182643137
P43116,BDB,CID5282381,1,0.0
Q99705,BDB,CID91898992,1,1.2084126764162058
P49286,BDB,CID19023747,1,-0.5302309435343595
P32745,BDB,CID44270284,1,-0.6497016257631882
P32745,BDB,CID44208902,1,-0.7380678652279515
Q9Y5N1,BDB,CID6422124,1,-1.4915277701188971
P0DMS8,BDB,CID44292742,1,0.9684801589104852
P35372,BDB,CID57340272,1,-0.7194287826585999
P56373,BDB,CID115205,1,0.0
Q01959,BDB,CID1206,1,-0.017528822608565697
Q9UBL9,BDB,CID6022,1,-0.6224778967991753
P35372,BDB,CID57340749,1,1.1165055690714372
P25100,BDB,CID16041091,1,-0.18546011253212136
P49286,BDB,CID3467177,1,-0.3570977870267651
Q9H3N8,BDB,CID3035842,1,0.40748532657826786
O43603,BDB,CID91898913,1,0.36202745278139226
Q9Y5N1,BDB,CID3035842,1,0.18582249894039649
P20309,BDB,CID2913,1,0.3341185180336268
P28335,BDB,CID9794656,1,0.47000624243868216
P34903,BDB,CID107704,1,-0.025066645310481306
P21917,BDB,CID115237,1,-0.34708556072712504
P28221,BDB,CID1342,1,0.012075910525707556
P30939,BDB,CID18971832,1,0.6475704212310642
P49286,BDB,CID4018512,1,1.436692597664054
P41145,BDB,CID57340765,1,0.4181433947603246
P31645,BDB,CID6101829,1,-0.08893371659769311
P41595,BDB,CID57340158,1,0.03791516038127529
P41595,BDB,CID1229,1,-0.22330428113435552
P49146,BDB,CID44342909,1,0.8251478130598677
P25100,BDB,CID16041451,1,-0.12309522127618777
P32745,BDB,CID57339671,1,0.07918124604762511
P35372,BDB,CID4095,1,0.19501918319372535
P35372,BDB,CID443363,1,0.4175355647354184
P35346,BDB,CID44303660,1,-0.35073875495776896
P14416,BDB,CID16041628,1,-0.6576755153705305
P48039,BDB,CID57339966,1,-0.6256614453031908
P31644,BDB,CID3448,1,-0.7380681005682552
P31645,BDB,CID57340809,1,-0.21597557829375802
P49146,BDB,CID57340300,1,-1.0931821404888131
P32745,BDB,CID11251755,1,0.025935734094399976
P41595,BDB,CID44373084,1,0.49001474951071344
P14416,BDB,CID127912,1,-0.0021769192542748783
P25100,BDB,CID443951,1,0.8100510156506715
P21917,BDB,CID57242,1,-0.1790619234194768
P28335,BDB,CID4449,1,-0.064725329636655
P35372,BDB,CID3034816,1,0.29595047013470577
P08912,BDB,CID2344,1,0.7832908900360547
P14416,BDB,CID3033769,1,0.2988530764097064
P0DMS8,BDB,CID657378,1,-0.4888970376134196
P35372,BDB,CID57340766,1,0.739087227544001
Q99705,BDB,CID57340374,1,-1.1533151596013873
Q15722,BDB,CID14280302,1,0.29672990978302227
P32745,BDB,CID57340266,1,0.31380428370041
O60755,BDB,CID57340017,1,0.0
P32745,BDB,CID6918011,1,0.0
P35346,BDB,CID57339789,1,-0.47269986094936645
Q9UBL9,BDB,CID65562,1,-0.14919998116127253
P28335,BDB,CID71360,1,-0.10307032171287478
Q99705,BDB,CID91898991,1,1.4550850097575942
P20309,BDB,CID49381,1,-0.19948409263848355
Q969V1,BDB,CID57340390,1,-0.21162958443467073
P28335,BDB,CID6166,1,1.049218022670182
P41143,BDB,CID5490755,1,0.1383026981662816
P28335,BDB,CID4296,1,-0.2960576619505959
P21917,BDB,CID14096625,1,2.1757931845532124
P48169,BDB,CID9823370,1,-0.2041585900417413
Q969V1,BDB,CID57340393,1,0.0
P08912,BDB,CID24199,1,0.6622471973112791
P28221,BDB,CID5736,1,-0.8552345915509916
P35372,BDB,CID44316520,1,-0.07918124604762511
P49286,BDB,CID70547,1,-0.9741408514250853
P41595,BDB,CID47811,1,0.22769245683985595
P41145,BDB,CID4253,1,-1.9575202192005605
P35372,BDB,CID57340773,1,-0.048304679574554754
P35367,BDB,CID57340811,1,0.0
P35348,BDB,CID2801,1,0.5360452104709523
P50391,BDB,CID91898985,1,-0.546460528730977
P41145,BDB,CID57340752,1,-0.08894108333678119
P28222,BDB,CID155346,1,-0.25037371385357865
P28335,BDB,CID4917,1,-0.4851888764676948
P14416,BDB,CID21514163,1,1.122761817354025
P30939,BDB,CID1342,1,-0.30425261408484783
P25929,BDB,CID57340304,1,0.9109427766869498
P35348,BDB,CID4926,1,0.26740874380966595
P35372,BDB,CID19791602,1,-0.016295788345567885
P41145,BDB,CID105104,1,-0.5256336810008353
P41145,BDB,CID25075991,1,0.5642714304385628
P23975,BDB,CID2801,1,-0.349334675238536
Q99705,BDB,CID57340390,1,0.013436073200150389
P23975,BDB,CID3947,1,0.49805516155530505
P48039,BDB,CID5170952,1,-1.672864176738046
P31645,BDB,CID162180,1,1.06657101167621
P32745,BDB,CID5311375,1,-0.6663008875826506
P41595,BDB,CID4284720,1,-0.6621234143221804
P50406,BDB,CID2170,1,-0.2015146210344092
P23975,BDB,CID57340812,1,-0.21670910996394532
P23975,BDB,CID122252,1,0.0921462232119925
P35372,BDB,CID57340787,1,-0.2009148427807137
P23975,BDB,CID57340805,1,-0.23194907652068242
P34969,BDB,CID5202,1,0.44260217839511107
P35348,BDB,CID1355,1,-0.9455765454753866
P20309,BDB,CID2344,1,1.3719070789230265
P14867,BDB,CID3373,1,0.40322560513372174
P25929,BDB,CID91663443,1,-0.40664576378017436
P14416,BDB,CID2726,1,0.05581502772341196
P28222,BDB,CID115237,1,-0.15725233605509192
Q9Y271,BDB,CID23196931,1,-0.47337724402338743
P50391,BDB,CID91898408,1,-0.05426350541646219
P32745,BDB,CID57340264,1,-0.5965174158754056
P28335,BDB,CID60854,1,0.7374641616144277
P21554,BDB,CID22422464,1,0.0
P08912,BDB,CID5184,1,0.9144785759213558
P30542,BDB,CID44293364,1,-0.022276394711152392
P41595,BDB,CID154315,1,0.21798714833247956
P43681,BDB,CID10176764,1,-1.5278500750990514
P41595,BDB,CID440945,1,0.11346608433277616
P30542,BDB,CID57340155,1,1.2575643018828906
P32247,BDB,CID57340618,1,-0.08268369683195331
P48039,BDB,CID57340031,1,-0.6633829802673237
P28221,BDB,CID71360,1,-0.17701980880559276
P35372,BDB,CID57340782,1,-0.9456423376774072
P08173,BDB,CID57340289,1,-0.1593793813122062
Q99571,BDB,CID5478935,1,0.07697668659509738
P21917,BDB,CID65750,1,-0.2316921420250555
P41143,BDB,CID57340784,1,0.650186059145156
P07492,BDB,CID57340619,1,-0.9647094628571455
P41146,BDB,CID91899091,1,1.5671648087748018
P41143,BDB,CID41693,1,-0.5436339668709564
P50406,BDB,CID154315,1,-0.24290730619263456
P35346,BDB,CID91898460,1,1.0393592921719215
P35348,BDB,CID60795,1,-0.3712653586391026
P41145,BDB,CID57340749,1,0.3881801713828814
P28335,BDB,CID44265170,1,1.5051499783199063
P41143,BDB,CID3034816,1,-0.7096494231947315
P20309,BDB,CID23844146,1,-0.46671307428551945
P48039,BDB,CID195276,1,0.805702318855797
P25021,BDB,CID25149706,1,-0.22184874961635614
P49146,BDB,CID91898402,1,-1.1998653022902763
P41143,BDB,CID5281600,1,-0.40695682699141233
P35346,BDB,CID91663465,1,0.5491050221809761
P21917,BDB,CID5684,1,-0.0848081540551604
P35348,BDB,CID4078,1,0.7401651931268773
Q01959,BDB,CID107786,1,0.10446553335295317
P29274,BDB,CID176408,1,1.3679767852945943
P48169,BDB,CID104999,1,0.2041585900417413
P28221,BDB,CID11957615,1,1.0078453745575935
P41143,BDB,CID57340755,1,0.4731909610912304
P28222,BDB,CID11957615,1,-0.18419396401412147
P41145,BDB,CID6603759,1,1.0413926851582254
Q15822,BDB,CID1204,1,0.0
P54760,BDB,CID644241,1,0.0
Q99705,BDB,CID57340397,1,-0.7124060775361691
P21554,BDB,CID4055807,1,-0.20035983378261868
P14416,BDB,CID31101,1,-0.4171502672250931
P21452,BDB,CID9917944,1,-0.7836489425343753
P28335,BDB,CID40589,1,-0.20605448243312452
P41595,BDB,CID4830,1,-0.5980526271444591
Q99705,BDB,CID57340381,1,-0.14697498157036826
P14416,BDB,CID1238,1,0.9466705582983437
P35367,BDB,CID2725,1,0.4271283977995193
P20309,BDB,CID3661,1,1.8692317197309762
P35372,BDB,CID57340777,1,-1.1119737594439325
P34969,BDB,CID60795,1,0.3445996000764815
P35367,BDB,CID4078,1,0.7435227937583235
P21917,BDB,CID3372,1,-0.5689343103434812
Q969V1,BDB,CID57340388,1,-0.019744058195757752
P09619,BDB,CID5291,1,-0.08804562952784067
P50406,BDB,CID71360,1,-0.3025739759425248
P41143,BDB,CID25075996,1,0.0
P31645,BDB,CID5324346,1,1.2611456764259046
P23975,BDB,CID3696,1,-0.760777154314221
P21554,BDB,CID22475020,1,1.1613680022349744
Q99705,BDB,CID57340384,1,0.9451712416416242
P25103,BDB,CID44306310,1,0.0
P0DMS8,BDB,CID44293364,1,0.5317875612464311
P35367,BDB,CID5452,1,-0.20736503746907164
Q99705,BDB,CID57340400,1,-1.2335441612402054
P25100,BDB,CID16041265,1,0.431517668422444
P09619,BDB,CID644241,1,0.08804562952784067
P41145,BDB,CID57340758,1,-0.2530735410033671
P07550,BDB,CID133038,1,1.751064115914554
P41145,BDB,CID9809562,1,-0.6020599913279625
Q01959,BDB,CID3455,1,0.42224725511105365
P29274,BDB,CID163889,1,-0.8315955696106094
P20309,BDB,CID667468,1,-0.30270357955354754
P28335,BDB,CID21982952,1,-0.03329807339031099
P30542,BDB,CID44292964,1,-0.3597356560018081
P35348,BDB,CID3696,1,-0.4639547895290477
P35372,BDB,CID57340788,1,-1.3258535793890136
P25103,BDB,CID153996,1,-1.7486822085331655
P30939,BDB,CID8226,1,-0.06493898174142831
P48169,BDB,CID108030,1,-0.3226254032898801
P28222,BDB,CID4636,1,1.6708123646603843
P35372,BDB,CID57340783,1,-1.5890950141635942
P32745,BDB,CID57339550,1,2.1856365769619117
P29274,BDB,CID44292742,1,0.0
P14416,BDB,CID4913274,1,0.9009130677376689
P50406,BDB,CID5202,1,-0.25073264370459114
P50391,BDB,CID91663443,1,0.014981611688721586
P21917,BDB,CID6005,1,0.2006167682782447
P28222,BDB,CID5736,1,-0.630217631003597
P25100,BDB,CID16041090,1,-0.348187410029821
Q9Y5N1,BDB,CID3692,1,0.3446195028096639
P28335,BDB,CID18361914,1,0.9109153245039003
P41595,BDB,CID3251,1,0.967136004230376
P23975,BDB,CID57340808,1,0.2762064119389489
P34969,BDB,CID3372,1,0.43933269383026285
P41595,BDB,CID2769,1,-0.7167623321295435
P28335,BDB,CID57340159,1,-0.21971079976243058
P21917,BDB,CID60149,1,-0.07408428866338745
Q15722,BDB,CID57340251,1,-0.29672990978302227
P14867,BDB,CID5732,1,-1.5193621715574999
P20309,BDB,CID44302812,1,-0.5567215017471137
Q969V1,BDB,CID57340373,1,-0.1624115617644888
P49146,BDB,CID91898444,1,-0.09017663034908807
P41595,BDB,CID3644637,1,-0.9222742854703743
P14416,BDB,CID4431,1,-1.0722147858620295
P08912,BDB,CID5572,1,0.02905179705782235
P28335,BDB,CID4184,1,0.6098853288399191
P35348,BDB,CID5073,1,0.45573445928235756
P50391,BDB,CID91898419,1,-0.6284710647974654
P21917,BDB,CID5074,1,-0.34708556072712504
P14867,BDB,CID5275,1,-1.5979250789725858
P35372,BDB,CID4422,1,0.44869354672580464
Q9Y5N1,BDB,CID3035905,1,-1.4300618252119968
P50406,BDB,CID44272242,1,0.7650616234786405
P28335,BDB,CID9681,1,0.869522639345675
P28222,BDB,CID1809,1,0.9941187550355179
P34969,BDB,CID60149,1,-0.10473535052001282
P41595,BDB,CID542051,1,-0.6578731851685546
P25929,BDB,CID91898404,1,-0.363057538756526
P14416,BDB,CID16041451,1,-1.0999546537935583
P29274,BDB,CID44282843,1,-0.7781512503836439
P20309,BDB,CID60809,1,-0.18669241350284604
P34969,BDB,CID941650,1,0.15209098265191479
P35367,BDB,CID2344,1,0.9586073148417746
P35372,BDB,CID57340764,1,1.230448921378274
Q9Y5N1,BDB,CID156615,1,0.24381444591808332
P35346,BDB,CID9918828,1,-0.6907001159273394
P14416,BDB,CID44272242,1,-0.09908693226233112
P31645,BDB,CID3012003,1,0.5814808272852723
P41143,BDB,CID107847,1,1.4149733479708182
P35367,BDB,CID25263218,1,0.2365720064370631
P14416,BDB,CID5281878,1,0.4237918130180063
P28335,BDB,CID60149,1,1.396005508894838
P35367,BDB,CID5002,1,-0.04139268515822536
P35372,BDB,CID57340790,1,0.0
P50406,BDB,CID31101,1,-0.02105855657627842
P41143,BDB,CID443408,1,1.5930431730085868
P0DMS8,BDB,CID23757284,1,0.40420872847192246
P21917,BDB,CID49381,1,-0.19218360074138197
P35348,BDB,CID941651,1,0.00019749636736765552
Q969V1,BDB,CID57340391,1,0.03140846425162369
P30939,BDB,CID5358,1,0.06493898174142831
P41595,BDB,CID18516642,1,-0.12230355202414422
P08912,BDB,CID3746,1,1.0
P25103,BDB,CID9917944,1,2.4571829247774755
P21554,BDB,CID5321846,1,0.755893575665679
P28335,BDB,CID4847,1,-0.5362427068383191
P14416,BDB,CID16041449,1,-1.1385010514384684
P20309,BDB,CID3696,1,-0.36485148630239195
P34969,BDB,CID154315,1,-0.3476847586341236
P29274,BDB,CID448222,1,-0.15490195998574308
P28221,BDB,CID60854,1,0.42504018252236975
P35367,BDB,CID115237,1,-0.2479732663618064
P35346,BDB,CID91898461,1,-0.12042945566136076
P49146,BDB,CID57339554,1,0.17055877045572032
P41143,BDB,CID57340767,1,-0.278913414931413
P41143,BDB,CID25075991,1,-0.011981297283114145
P41145,BDB,CID121591,1,-0.8776854072178484
P34969,BDB,CID62865,1,0.0
P98161,BDB,CID57340588,1,-1.4070833881119071
P35367,BDB,CID60858,1,-0.8241258339165487
P47211,BDB,CID3043477,1,0.06445798922691814
P50406,BDB,CID60854,1,-0.2871619093312656
Q16445,BDB,CID5448,1,0.5547044111001735
P28221,BDB,CID443951,1,-0.21097939962504864
P41145,BDB,CID20516612,1,1.1383026981662816
P41143,BDB,CID4428,1,-0.0571179235752135
P28221,BDB,CID31101,1,-0.03112333510666243
P31645,BDB,CID57340798,1,-0.3216091597066706
P21554,BDB,CID4621779,1,-0.20969986003676144
P35372,BDB,CID57340751,1,0.151267675330649
P41595,BDB,CID28693,1,1.2173877079586326
P48039,BDB,CID4018512,1,0.9026123318638533
P35348,BDB,CID9903970,1,0.9998025036326332
P25929,BDB,CID57340298,1,1.4082674174948995
P35372,BDB,CID41693,1,0.8782664032669114
P31645,BDB,CID57340799,1,-0.22222452757075928
P41145,BDB,CID91928823,1,0.0
P21917,BDB,CID4078,1,0.1709943016714437
P21917,BDB,CID3559,1,0.5119875972804451
P35367,BDB,CID4917,1,-0.2771506139637969
P41145,BDB,CID41693,1,-1.8336685782334747
P28335,BDB,CID60858,1,-0.12975892462298777
P41595,BDB,CID4585,1,0.002178753137094702
P35372,BDB,CID5284596,1,0.08432088570003593
P35348,BDB,CID2160,1,-0.11109315559219812
P35346,BDB,CID16133799,1,-0.46364248152771825
P08912,BDB,CID2160,1,-0.06731158972085982
P21917,BDB,CID62865,1,0.4057598243917493
Q99705,BDB,CID57340382,1,0.4302614260325619
P41143,BDB,CID430245,1,-0.7766300772631105
P08912,BDB,CID4543,1,-0.7563228128879711
P25929,BDB,CID57340305,1,1.2991229480698312
P00519,BDB,CID644241,1,0.0
P35348,BDB,CID5452,1,0.34222518445483985
P25929,BDB,CID91898423,1,-0.7466345424908436
P34903,BDB,CID2802,1,0.496725004328642
P08912,BDB,CID11757797,1,0.5102896179723171
Q969V1,BDB,CID57340382,1,-0.06550154875643255
O43603,BDB,CID91898925,1,0.0
P14416,BDB,CID23897,1,-0.7011469235902936
P0DMS8,BDB,CID163889,1,-0.07540583877845641
P41595,BDB,CID18361914,1,0.17790521210253019
P28221,BDB,CID9903970,1,0.057063397227775425
P49286,BDB,CID23786511,1,-0.44791398363387636
P28335,BDB,CID107780,1,-0.6497519816658368
P50391,BDB,CID57340303,1,0.297786787246503
P41145,BDB,CID57340757,1,1.2632414347745815
P56373,BDB,CID5310983,1,-0.02732312721123442
P35372,BDB,CID57340779,1,0.5314789170422554
P35372,BDB,CID430245,1,0.0
P29275,BDB,CID6439089,1,-0.1928435106788493
P28222,BDB,CID5073,1,-0.08740055578107153
P35348,BDB,CID16041091,1,-0.626257764099095
P35348,BDB,CID121829,1,1.7624415878380297
P41143,BDB,CID57340765,1,-0.1437352225623476
P41595,BDB,CID8223,1,0.5631779618693393
P28335,BDB,CID1355,1,-0.5797325721813511
P41145,BDB,CID57340760,1,0.4731909610912304
P49286,BDB,CID5311134,1,1.1076338783998292
P41143,BDB,CID44273397,1,-0.5623344655371998
P35372,BDB,CID57340781,1,-1.2167091099639453
P41145,BDB,CID10224207,1,-1.9586073148417746
Q9H3N8,BDB,CID2726,1,-0.3389758811274266
P29274,BDB,CID57340155,1,0.8450980400142569
P50406,BDB,CID1833,1,-0.13601307227797665
Q9Y5N1,BDB,CID2790,1,0.5510933908590658
P35372,BDB,CID55652,1,-1.0917703733556454
P14416,BDB,CID62865,1,-0.16354492148924926
Q9UBL9,BDB,CID6912713,1,-0.5239563996345389
P25100,BDB,CID10442840,1,0.0
P31644,BDB,CID4266,1,0.37680482076192945
Q01959,BDB,CID1576,1,0.2013755463610094
P28335,BDB,CID2818,1,0.396005508894838
Q9Y5N1,BDB,CID41376,1,-1.4361323211045054
P35348,BDB,CID4917,1,-0.33720271215727937
P21554,BDB,CID15998383,1,0.0
P14416,BDB,CID5073,1,0.10852137823941455
P21554,BDB,CID5311501,1,0.7306078441243731
P20309,BDB,CID4543,1,-0.28567024025476684
P28335,BDB,CID2160,1,0.09497551323085673
Q9Y5N1,BDB,CID3035746,1,-0.4600907760934483
P35348,BDB,CID4893,1,1.7401651931268773
P28221,BDB,CID14987,1,1.0400300579289947
P41143,BDB,CID57340759,1,-0.2918219938771571
P43681,BDB,CID22407,1,0.64824118395663
P31645,BDB,CID3947,1,-0.22222452757075928
Q05655,BDB,CID1288,1,-0.5027802225713076
P41143,BDB,CID57340775,1,0.1553360374650623
P20309,BDB,CID2381,1,0.8222351570547524
P49286,BDB,CID115348,1,1.9138138523837167
P28335,BDB,CID4543,1,-0.26253583838557226
P28335,BDB,CID31016,1,-0.592751575031877
P41146,BDB,CID10748995,1,-0.23075415354398565
P49286,BDB,CID3018920,1,0.0
P41143,BDB,CID57340752,1,0.06862037352017936
P20309,BDB,CID129989,1,-0.3867295951628824
P35408,BDB,CID5280360,1,1.2832368267183547
P41143,BDB,CID57340761,1,0.24046421992501266
P29371,BDB,CID5311424,1,-0.24405831951056278
P28335,BDB,CID8223,1,0.3603534546153906
P47211,BDB,CID91898914,1,-1.9575577505908024
P35348,BDB,CID5775,1,-0.13489607026482275
Q9Y5N1,BDB,CID9884746,1,-0.7229974944877586
Q16099,BDB,CID40539,1,0.2271200584031039
P28335,BDB,CID13878025,1,0.8317340784562752
P28335,BDB,CID9815618,1,-0.3979400086720375
P29274,BDB,CID44329583,1,0.33994806169435066
P28221,BDB,CID60795,1,-0.833437462456148
P49146,BDB,CID57340304,1,0.22308782173190522
P21917,BDB,CID9903970,1,0.5502520973757274
P56373,BDB,CID53462972,1,0.0
P56373,BDB,CID2388,1,-0.13054261412629842
P35372,BDB,CID57340786,1,-1.0483046795745548
P31645,BDB,CID2771,1,1.4467822533878163
P41143,BDB,CID57340781,1,-0.3070619604338942
P23975,BDB,CID57340799,1,-0.11197375944393251
P14416,BDB,CID22849992,1,0.6456405626343624
P50391,BDB,CID57340305,1,-0.7116291801057093
P41595,BDB,CID9815618,1,-0.4951458876708541
P41145,BDB,CID91899095,1,-1.8507019175322554
P34969,BDB,CID68848,1,0.0848640933779885
P01303,BDB,CID91898406,1,0.0
Q9Y5N1,BDB,CID6450823,1,-0.5533046435415407
P32745,BDB,CID57339789,1,0.9523583655647734
P35348,BDB,CID16041629,1,-0.10025458460960834
P41143,BDB,CID57340749,1,-0.043321049489360774
P13945,BDB,CID2119,1,0.05018527255878169
P41145,BDB,CID281723,1,-1.3165421618422286
P34969,BDB,CID9681,1,-0.5575618817271843
Q969V1,BDB,CID57340381,1,0.27174061956199314
Q9UBL9,BDB,CID2028,1,-0.18056395030687966
P28335,BDB,CID2801,1,-0.45998449966092103
P41595,BDB,CID24039384,1,-0.46634232982064994
P35408,BDB,CID44208909,1,0.18086391800879653
P14416,BDB,CID13922235,1,-1.232625840632549
P41594,BDB,CID40539,1,0.0
P41595,BDB,CID4184,1,-0.002178753137094702
P35372,BDB,CID5311304,1,-0.8109437637799513
P49146,BDB,CID91898404,1,-0.4506569645404035
P49286,BDB,CID1864,1,0.28747348500867353
P41595,BDB,CID4090,1,0.8273057122207312
P35348,BDB,CID2995,1,-0.7476799269845582
P32745,BDB,CID57339795,1,-0.024473769383200228
P41143,BDB,CID57340750,1,-0.7435536184615241
P21917,BDB,CID2448,1,-0.5512055433830501
P24941,BDB,CID5005498,1,0.0
P41145,BDB,CID12313112,1,0.06366907986937775
P41595,BDB,CID9681,1,0.860241770315719
P0DMS8,BDB,CID44213772,1,1.5213221275682658
P29274,BDB,CID23757284,1,-0.44493657134826137
P20309,BDB,CID5736,1,-0.450023096039204
P23975,BDB,CID1576,1,0.11317762572250967
P35348,BDB,CID127096,1,0.13810520179891483
Q969V1,BDB,CID57340399,1,0.0
P41143,BDB,CID57340757,1,0.7191733904243058
P14416,BDB,CID443951,1,0.6913980531950372
P35372,BDB,CID57340789,1,-1.131278914639319
P41143,BDB,CID5480230,1,-0.39305338066785556
P28335,BDB,CID4078,1,-0.5575931242487817
Q9Y271,BDB,CID5717,1,0.47337724402338743
P28335,BDB,CID3972,1,-0.13547340814741649
P56373,BDB,CID4179055,1,0.20524948779689467
P41143,BDB,CID10101700,1,1.4651399574365485
P17252,BDB,CID5353772,1,0.29291210544180046
P28222,BDB,CID1833,1,-0.20067075711578042
P28335,BDB,CID18516642,1,0.21036893193292627
P41145,BDB,CID5480230,1,1.0
P41595,BDB,CID4106,1,0.8902049936931622
P21917,BDB,CID1238,1,1.527975702664575
P11229,BDB,CID2160,1,0.0
P35346,BDB,CID91935900,1,1.156744890889776
P41145,BDB,CID57340763,1,0.14376559386778354
P50391,BDB,CID91663466,1,-0.014981611688721586
Q9Y5N1,BDB,CID9818903,1,-0.009731239884716913
P23975,BDB,CID4011,1,0.18512594259161652
P28221,BDB,CID5358,1,0.4308697261830936
P41143,BDB,CID57340792,1,-0.020755221590619044
P28221,BDB,CID132552,1,-0.343351230572118
P41143,BDB,CID57340751,1,0.22591711175076945
P35367,BDB,CID3372,1,-0.3222192947339195
Q9UBL9,BDB,CID5957,1,0.03950854128367354
P30939,BDB,CID154315,1,0.32604103050545774
P35348,BDB,CID60149,1,0.5863503287823484
P35346,BDB,CID44291156,1,0.8163691634967556
P0DMS8,BDB,CID2690,1,-0.8096710914731586
P08588,BDB,CID11957615,1,-0.6600427619392253
P41145,BDB,CID57340761,1,0.0823512928371315
P14416,BDB,CID5074,1,-1.0722147858620295
P35346,BDB,CID13105142,1,-0.5711888093815602
P34969,BDB,CID2726,1,-0.21146034582166795
P25929,BDB,CID91898408,1,0.884149600099013
P41145,BDB,CID3034754,1,-1.3668472801536247
P41143,BDB,CID57340764,1,1.2577089461746205
P34969,BDB,CID5074,1,-0.31078983295313733
P32745,BDB,CID57339793,1,-0.6989700043360187
P28221,BDB,CID28693,1,1.2137416152393214
P29274,BDB,CID44293364,1,0.0
P28335,BDB,CID13781100,1,-0.48289909357862193
P41145,BDB,CID25126776,1,-1.881851333472051
P49286,BDB,CID3976006,1,0.4366925976640541
P35408,BDB,CID6449849,1,-0.4319199387109389
P31644,BDB,CID5448,1,-0.18801614091774166
P50406,BDB,CID60149,1,0.7650616234786405
P32745,BDB,CID91898934,1,1.571677362334242
O60755,BDB,CID91898917,1,-0.7500754462389443
P28335,BDB,CID443389,1,1.0098039034940456
P35367,BDB,CID57340800,1,0.0
P41143,BDB,CID57340762,1,-0.4071947313971993
P20309,BDB,CID5282426,1,-0.1664838325355582
Q16445,BDB,CID5081,1,0.23551311498716299
P14867,BDB,CID9823370,1,0.17696773661231013
P49286,BDB,CID1858,1,0.7932399211778662
P28223,BDB,CID4184,1,0.0
P21917,BDB,CID5566,1,-0.5134169824936503
P35372,BDB,CID11804285,1,-0.13127891463931896
P14867,BDB,CID104999,1,-0.7816395782294645
P35367,BDB,CID941650,1,0.3979400086720375
P08912,BDB,CID124226,1,-0.6886291709977996
P17252,BDB,CID5476508,1,0.3177356891668328
P48039,BDB,CID57339969,1,-0.9501725368166944
P35372,BDB,CID44414890,1,0.21133263093120114
P25929,BDB,CID91898412,1,-0.5466639017349779
P23975,BDB,CID4786,1,-0.3270582805273836
P08588,BDB,CID133038,1,1.7197190656775305
Q05655,BDB,CID18433653,1,1.157780356606736
O43603,BDB,CID91898917,1,-0.20784785517516902
P0DMS8,BDB,CID44282843,1,0.5763696938991716
P56373,BDB,CID22935685,1,0.01142946178078219
P28335,BDB,CID3964,1,0.3725244130453156
P28335,BDB,CID68848,1,1.1223613137204893
O60755,BDB,CID91898913,1,0.17981456584533007
P35367,BDB,CID4748,1,0.09691001300805624
P48039,BDB,CID82148,1,0.2493998180885093
P48039,BDB,CID57339968,1,-0.020372483845029876
P31645,BDB,CID6850813,1,-0.01008965572376308
P34972,BDB,CID2978,1,0.0
P20309,BDB,CID24199,1,1.2671717284030137
P14416,BDB,CID219050,1,0.044184177354786414
P35372,BDB,CID57340758,1,0.622993898163605
P14416,BDB,CID688272,1,-0.9855776574348134
Q05655,BDB,CID57340587,1,-0.1274553718740128
P14416,BDB,CID4917,1,0.5391852317200758
P28221,BDB,CID44272242,1,1.8851280979432516
P35346,BDB,CID91898934,1,1.0813237937154572
P21917,BDB,CID54562,1,-0.44167313781615025
P35367,BDB,CID2160,1,1.0222763947111524
P30542,BDB,CID44292969,1,0.0
P34969,BDB,CID2159,1,-0.5238646582619886
P41143,BDB,CID57340766,1,-0.5951723573862839
Q969V1,BDB,CID57340403,1,-0.04777278179600142
P43119,BDB,CID13366823,1,0.0
P34969,BDB,CID10171,1,-0.1360716668386024
P34969,BDB,CID1342,1,-0.5770999433801585
P14416,BDB,CID16362,1,0.23815523605609457
P98161,BDB,CID5353772,1,0.913690665747831
P08912,BDB,CID57340525,1,-0.5495802059590646
Q9UBL9,BDB,CID5310983,1,0.8644031952096434
P48039,BDB,CID126731,1,1.2616342745055213
P28335,BDB,CID3693566,1,0.7063021055860972
P29274,BDB,CID44292964,1,-0.8538719643217618
P50391,BDB,CID57340298,1,-0.5672441346542687
Q16445,BDB,CID5275,1,-0.2355131149871621
P21917,BDB,CID37459,1,-0.5294050878777803
P49286,BDB,CID126731,1,1.482450088224729
P41595,BDB,CID6604042,1,-0.40228122842752523
P35367,BDB,CID5566,1,-0.795880017344075
P35348,BDB,CID16041092,1,-0.3949674582498979
P28222,BDB,CID44272242,1,1.3782155365332658
P28222,BDB,CID2689,1,0.7677223776684405
P23975,BDB,CID2160,1,-0.31361912297200156
P35348,BDB,CID4748,1,0.041195188790858595
P49286,BDB,CID19023749,1,-0.3694873763198334
P0DMS8,BDB,CID5697,1,-0.5909875631252568
P35367,BDB,CID5073,1,-0.17609125905568135
Q16099,BDB,CID5128032,1,-0.2271200584031039
P50391,BDB,CID91898413,1,2.258019660375016
P23975,BDB,CID154315,1,-0.6208094273408014
P49146,BDB,CID57340298,1,0.22308782173190522
P35348,BDB,CID3964,1,-0.40596284255136084
P28335,BDB,CID3250,1,-0.14251237069267475
P28335,BDB,CID4106,1,0.9691329376243125
P41595,BDB,CID5191289,1,0.8615598122436321
P35348,BDB,CID71360,1,1.5498334949565855
P41146,BDB,CID10022859,1,0.0
P34903,BDB,CID5081,1,-0.09433960269785757
P48039,BDB,CID3018920,1,-1.5644405281953047
P08173,BDB,CID2160,1,0.1593793813122062
P14867,BDB,CID100812,1,1.1391791757229104
P14416,BDB,CID16041092,1,-1.3567655071315157
P08588,BDB,CID3682,1,-0.7947391946566169
P17252,BDB,CID5097908,1,0.0
P14867,BDB,CID104916,1,1.0520290000040102
P41595,BDB,CID3654103,1,-0.5222664630544722
P25100,BDB,CID16041629,1,-0.024881019654687364
P14416,BDB,CID125246,1,-0.7980569365983499
P23975,BDB,CID6850813,1,0.5314789170422554
P41145,BDB,CID57340787,1,-1.8776854072178484
P49146,BDB,CID57339953,1,-1.0931821404888131
P34969,BDB,CID5265,1,-0.6575773191777934
P35348,BDB,CID5265,1,-0.3160724658533498
P25100,BDB,CID60612,1,-0.4999992546894241
P50391,BDB,CID91928728,1,0.3829583969833159
P32745,BDB,CID91663465,1,0.9276914819972788
P50406,BDB,CID3981,1,1.137619900961722
P21554,BDB,CID9849616,1,1.2193599492126612
P41595,BDB,CID44265170,1,-0.40371691397267906
P23975,BDB,CID5282426,1,-0.4323089103033002
P49146,BDB,CID91898412,1,-0.18101249564494992
P14416,BDB,CID2448,1,0.4095513739033958
P21917,BDB,CID213046,1,1.652914439272875
P35367,BDB,CID2818,1,0.79997073344623
P41595,BDB,CID2159,1,-0.03621763777721121
P32745,BDB,CID5311430,1,-0.23933575497738957
P16234,BDB,CID644241,1,0.0
P35367,BDB,CID5736,1,0.7077439286435236
P29323,BDB,CID644241,1,0.0
Q9Y5N1,BDB,CID2766326,1,0.6417544545901208
P31645,BDB,CID3696,1,1.4767454767652595
P14416,BDB,CID4078,1,-0.6756586163276221
P28335,BDB,CID23983771,1,-0.6102227592001359
P28222,BDB,CID8969,1,-0.5142064649528955
P35372,BDB,CID5359272,1,0.7533276666586115
P31645,BDB,CID57340812,1,-0.3593977205960712
P29371,BDB,CID44307679,1,0.2788204257697746
P14416,BDB,CID16041264,1,-1.3823881609658812
P08912,BDB,CID4919,1,-0.14976232033333226
P34972,BDB,CID5311501,1,1.747051625620153
Q99705,BDB,CID57340402,1,1.154055014093613
P34969,BDB,CID4748,1,-0.019305155195386448
Q99705,BDB,CID11238212,1,-0.5103657212733657
P25021,BDB,CID25149515,1,0.2914846777577509
P28335,BDB,CID3981,1,1.3088553331759378
P41143,BDB,CID10322880,1,1.0092080017868241
P21554,BDB,CID15991674,1,-0.1230627316095454
P31645,BDB,CID57340797,1,-0.22222452757075928
O60755,BDB,CID91934871,1,-0.0699627356531689
P20309,BDB,CID3602,1,0.4132997640812519
P35367,BDB,CID4926,1,0.6989700043360187
P41145,BDB,CID44414890,1,0.22847932851536967
P35367,BDB,CID11638552,1,-0.4149733479708182
P28566,BDB,CID8226,1,-0.007451343738600791
P20309,BDB,CID1734,1,1.635148513697608
P34969,BDB,CID57340195,1,0.14239341426843666
P35408,BDB,CID5282381,1,-0.18086391800879653
Q969V1,BDB,CID57340389,1,0.06526673151259121
P41595,BDB,CID8226,1,1.3875296345011119
Q16445,BDB,CID4266,1,0.7813448884166672
P08912,BDB,CID667466,1,-0.16749108729376339
P25929,BDB,CID91898444,1,-0.6066129841328642
P28335,BDB,CID3251,1,1.069214651086435
P29274,BDB,CID176407,1,1.0
P41595,BDB,CID5163,1,-0.06669280407244305
P28335,BDB,CID23844155,1,-0.10763387839982919
P50406,BDB,CID4184,1,-0.41252831163823434
P35372,BDB,CID10022859,1,-0.8801407889209747
P48169,BDB,CID100812,1,0.6197501509025773
P07550,BDB,CID2119,1,0.4247660180815096
P34969,BDB,CID57340196,1,-0.25756949676189134
P0DMS8,BDB,CID44457473,1,0.0015566177120716063
P35346,BDB,CID44270284,1,1.0509411647217366
Q9UBL9,BDB,CID2388,1,0.07328696766163212
P14416,BDB,CID9868452,1,-0.9000787935225025
P21554,BDB,CID15998702,1,-0.1908145158763883
P41143,BDB,CID461776,1,0.6710361981182764
P08588,BDB,CID10339796,1,0.30014996601756394
Q969V1,BDB,CID57340398,1,0.33243845991560494
P35372,BDB,CID57340757,1,1.1165055690714372
P25929,BDB,CID91898403,1,-0.5866151001691859
P14416,BDB,CID4585,1,-0.8914786217605855
P41145,BDB,CID430245,1,-1.1707949192457328
P17252,BDB,CID57340587,1,-0.7855984154039302
P35346,BDB,CID44311916,1,-0.17254776023138696
P32745,BDB,CID44291156,1,1.2477844837107561
P35372,BDB,CID5490755,1,0.05435766232259276
P21917,BDB,CID4249,1,-0.03133230824243771
O60760,BDB,CID6449849,1,0.37666383332930664
P35372,BDB,CID16144003,1,0.11650556907143717
P41145,BDB,CID10322880,1,0.7403626894942441
P28221,BDB,CID219050,1,-0.8009579089940457
P34969,BDB,CID3964,1,-0.598093804110361
Q01959,BDB,CID10657292,1,-0.2516120286419339
P43681,BDB,CID1204,1,1.3294824213322176
Q9UBL9,BDB,CID22935685,1,0.045457873796874715
P23975,BDB,CID107786,1,0.1370272362160394
P41143,BDB,CID5311481,1,1.1553360374650623
P21554,BDB,CID15998061,1,-0.2233437407033083
P48145,BDB,CID1223,1,0.0
P14416,BDB,CID5566,1,0.5207018260260625
P43681,BDB,CID942,1,-0.64824118395663
P41595,BDB,CID1150,1,-0.6328570190258169
P28566,BDB,CID9903970,1,0.9008386618983781
Q969V1,BDB,CID57340384,1,0.9344984512435675
P49286,BDB,CID57339965,1,1.2510560207021424
P28335,BDB,CID105432,1,0.0
P35348,BDB,CID60854,1,0.028357964085686582
P34903,BDB,CID3380,1,-0.3981446524166108
P41145,BDB,CID55652,1,1.5642714304385628
P41145,BDB,CID5284596,1,-0.8697649235817515
P34903,BDB,CID5556,1,0.3206337452729606
P14416,BDB,CID60149,1,0.16851930791469982
P35348,BDB,CID3559,1,0.08096231566234557
P35348,BDB,CID5736,1,0.1778723286704018
P28221,BDB,CID4106,1,0.2356434566871517
P14867,BDB,CID3016,1,-1.125376312949502
P34972,BDB,CID5321846,1,-0.03914558431824311
P50406,BDB,CID4748,1,0.26700646192333544
P21917,BDB,CID71351,1,0.31049175845066834
P41595,BDB,CID8969,1,-0.47990177389720134
P32745,BDB,CID57339949,1,-0.8601209135987631
P28222,BDB,CID108029,1,-0.0058812449644820575
P29274,BDB,CID5697,1,0.04921802267018194
Q16445,BDB,CID119,1,-0.5855329117347612
P32745,BDB,CID44270290,1,-0.024473769383200228
P34969,BDB,CID4847,1,0.5328629661869382
P28335,BDB,CID154315,1,1.1712710710409944
P30939,BDB,CID1832,1,-0.14335948808571164
P30542,BDB,CID44292742,1,1.0612696567389222
P08912,BDB,CID2381,1,0.431108371924692
P34903,BDB,CID3373,1,0.9716801972917963
P47211,BDB,CID57340017,1,0.0
P41595,BDB,CID5533,1,-0.8165349499173624
P21917,BDB,CID13922235,1,0.016092341685700617
P08912,BDB,CID57340526,1,-0.4795837776874796
P50391,BDB,CID57340301,1,0.462139643030941
P35372,BDB,CID121591,1,0.029051797057823237
Q969V1,BDB,CID57340401,1,-0.019744058195757752
P34903,BDB,CID104999,1,-0.22755086527214718
P35348,BDB,CID443951,1,0.4909668357357653
P41143,BDB,CID12313112,1,-0.8280647007154762
P21554,BDB,CID15614389,1,2.1506441368432014
Q05655,BDB,CID5353772,1,1.1656056941186925
P28221,BDB,CID107780,1,0.6768521555161691
P35372,BDB,CID57340756,1,0.4142076213864918
P0DMS8,BDB,CID3668,1,-0.7585185690257772
P35346,BDB,CID11251755,1,-1.0340696249866124
P41595,BDB,CID3277600,1,-0.8222588480197652
P35372,BDB,CID57340775,1,-0.44164893655744386
P35372,BDB,CID5486827,1,-0.8576871673222772
P50391,BDB,CID91898421,1,2.0624659215499026
P14416,BDB,CID14096625,1,0.8217318216900438
P21917,BDB,CID125246,1,0.18555302184236844
P13945,BDB,CID4828,1,-0.0501852725587808
P20309,BDB,CID124226,1,0.2091797814253269
P35348,BDB,CID115237,1,0.036873815008216404
P21917,BDB,CID57533,1,-0.6333922995703993
P36544,BDB,CID1204,1,0.0
P35372,BDB,CID57340772,1,-1.6387827983527021
P28221,BDB,CID3654103,1,-0.012075910525709332
P41595,BDB,CID5073,1,-0.7802095501898032
P41145,BDB,CID3034816,1,-0.15726440179619772
P14416,BDB,CID133633,1,0.0
P21917,BDB,CID16104,1,0.36660770042960067
P56373,BDB,CID2028,1,-0.7188143209686269
P21917,BDB,CID2820,1,-0.5231768197828064
P35372,BDB,CID6603759,1,1.230448921378274
P21917,BDB,CID219050,1,0.3599203992054356
O60760,BDB,CID5353560,1,-0.37666383332930486
P14416,BDB,CID11957615,1,0.9009130677376689
P41595,BDB,CID6166,1,-0.4247014054548073
P28335,BDB,CID9868452,1,-0.5497365442152278
P35372,BDB,CID44375783,1,-1.0367228070247396
P28221,BDB,CID60809,1,0.19904209100595516
P35372,BDB,CID5480230,1,-0.834009067848644
P35367,BDB,CID2726,1,0.1249387366082999
P28335,BDB,CID11957615,1,0.540015500339079
P41143,BDB,CID281723,1,-0.662889856148893
Q9UBL9,BDB,CID115205,1,0.5835765856339492
P32745,BDB,CID76516274,1,-0.8601209135987631
P28221,BDB,CID8969,1,-0.525973356786757
P07550,BDB,CID5581,1,-0.7358851651294609
Q9Y5N1,BDB,CID912,1,0.009731239884715137
P41595,BDB,CID196968,1,1.235740909939512
Q9UBL9,BDB,CID65304,1,-0.6716959194693564
P31645,BDB,CID9882979,1,2.160475514544542
P28335,BDB,CID5736,1,0.8878500204352076
P08588,BDB,CID4946,1,0.9146956688935859
P23975,BDB,CID4528,1,-0.11785594166988655
P41143,BDB,CID44369694,1,0.8168795438604572
P41595,BDB,CID2512,1,1.0095398527834636
P35348,BDB,CID16041449,1,-0.4174426602347907
P14416,BDB,CID60795,1,0.2945317026270633
P29275,BDB,CID163889,1,-0.02426185340191367
P08912,BDB,CID19874223,1,0.9294189257142929
P31645,BDB,CID5282426,1,0.6883750611999293
P35372,BDB,CID1223,1,0.3383543186877933
P31645,BDB,CID57340808,1,-0.14055448111943925
P35372,BDB,CID44273397,1,0.0
P14416,BDB,CID16106,1,-1.1782681783099562
P20309,BDB,CID57340525,1,0.1833620781733183
P23975,BDB,CID65856,1,0.10334412301346685
P21554,BDB,CID11496202,1,-0.007424018079207784
P25021,BDB,CID11956130,1,0.0
P08912,BDB,CID54592346,1,-0.7395723444500915
Q01959,BDB,CID10470490,1,-0.6151344725102783
P14867,BDB,CID4838,1,-1.8665731531661809
Q05655,BDB,CID57340588,1,-0.583990095811898
P28222,BDB,CID60854,1,1.090150518033652
P28222,BDB,CID28693,1,0.21362943988290883
P14416,BDB,CID2820,1,-1.375548736435575
P08912,BDB,CID4585,1,-0.2009148427807128
Q92959,BDB,CID44311013,1,0.0
P25929,BDB,CID57339554,1,0.8641993731446238
P41145,BDB,CID57340762,1,0.43933269383026285
P35372,BDB,CID10001227,1,-1.2880650184996139
P25100,BDB,CID6005,1,-0.4100301694294597
P50391,BDB,CID57340300,1,-0.14208641005352884
P28221,BDB,CID115237,1,-0.976360358259174
P31645,BDB,CID11638552,1,-0.12917493537594105
P14867,BDB,CID5448,1,-1.5265060251292324
P48039,BDB,CID115348,1,1.2316710511280782
P21554,BDB,CID2978,1,0.6267074264065302
P41145,BDB,CID57339688,1,-0.134698573897456
P35372,BDB,CID4428,1,0.10172663703984774
P47211,BDB,CID91934871,1,-1.5982998424546562
Q969V1,BDB,CID57340394,1,0.0
P08912,BDB,CID2818,1,0.18123089870809217
P35367,BDB,CID4543,1,0.1337126609158048
P35372,BDB,CID518962,1,0.868721085360681
P35372,BDB,CID441278,1,-0.36061568564822544
P07550,BDB,CID5152,1,-0.609007270206523
P49286,BDB,CID57340031,1,-0.2962369974914214
Q9H3N8,BDB,CID912,1,0.0
P35372,BDB,CID57340792,1,-0.8109437637799513
P35372,BDB,CID57340754,1,1.151267675330649
P08588,BDB,CID2685,1,0.4978703160611744
P31644,BDB,CID65914,1,0.007619983278367215
P32745,BDB,CID57339792,1,-0.024473769383200228
P35372,BDB,CID57340791,1,-1.5329790721846628
P41595,BDB,CID11957615,1,0.9571517833237753
Q9H3N8,BDB,CID41376,1,0.271822724578195
P23975,BDB,CID57340804,1,0.0
P25929,BDB,CID44288922,1,2.299122948069831
P35346,BDB,CID57339949,1,-0.08069483707851433
P98161,BDB,CID4962,1,-0.5634305889718307
P35372,BDB,CID57340763,1,0.26666109403271854
P32745,BDB,CID57340094,1,1.9937510507229987
P14867,BDB,CID108030,1,0.6784483371914174
P28221,BDB,CID1833,1,0.656648769427882
P29371,BDB,CID5079497,1,-0.698903179519073
P50406,BDB,CID4585,1,0.49745538330160954
P35346,BDB,CID57340177,1,0.5491050221809761
P35348,BDB,CID16041451,1,-0.7881085840401667
P25100,BDB,CID16041092,1,-0.1658472016971384
P08588,BDB,CID128658,1,-0.3999906440997014
P50391,BDB,CID91898423,1,-0.7081220723640165
P08588,BDB,CID24094169,1,0.0
P41595,BDB,CID5761,1,0.12784801049275174
P41143,BDB,CID1223,1,0.9512160548091373
P41145,BDB,CID57340756,1,-0.4724905004528672
P41145,BDB,CID57340755,1,0.36015144778263775
P21917,BDB,CID16106,1,-0.34708556072712504
P14416,BDB,CID941650,1,1.2988530764097064
P31645,BDB,CID57340805,1,-0.1695181770547558
P21917,BDB,CID57267,1,-0.26178122962071093
P35372,BDB,CID10101700,1,-1.5292189233113564
P28335,BDB,CID28693,1,1.6781501603984452
P35372,BDB,CID57340770,1,-1.0705810742857071
P34969,BDB,CID57340439,1,1.0120089074730156
P14416,BDB,CID44299913,1,-1.2196608634681807
O43603,BDB,CID16133821,1,-0.44822640699024596
P31645,BDB,CID5203,1,1.6686310030041724
P08912,BDB,CID4078,1,-0.5477023290053697
P35372,BDB,CID25126776,1,0.0
P41595,BDB,CID77158,1,-0.06528908572446923
P35367,BDB,CID57340801,1,0.0
P14416,BDB,CID37459,1,0.6653846208301193
P35372,BDB,CID5288826,1,-0.07058107428570715
P35346,BDB,CID5311375,1,1.017082897460769
P50406,BDB,CID6446980,1,0.26700646192333544
Q05655,BDB,CID5476508,1,0.1274553718740119
P31645,BDB,CID2995,1,-0.34326822029553483
P41143,BDB,CID443363,1,0.9248871160867882
P49146,BDB,CID91663466,1,1.8920946026904808
P49146,BDB,CID91898408,1,0.0
P07550,BDB,CID128658,1,-0.15302539851951558
P41145,BDB,CID53974117,1,0.3692948272225074
P14416,BDB,CID3168,1,1.2019430634016501
P41145,BDB,CID5311304,1,-0.5496719218682742
P17252,BDB,CID57340588,1,-1.7320901635282544
P35346,BDB,CID44377662,1,1.3181128931247503
P25929,BDB,CID91898411,1,-0.2665937232429121
P20309,BDB,CID5184,1,1.769847087595064
P50391,BDB,CID44342909,1,0.5590496560389973
P20366,BDB,CID36511,1,0.0
P35372,BDB,CID13686246,1,0.7119349815003861
P35348,BDB,CID941650,1,-0.00019749636736676734
P29274,BDB,CID44292847,1,-0.6020599913279625
P25929,BDB,CID91898419,1,-0.7366180007922427
Q969V1,BDB,CID57340375,1,-0.05672762444892765
P32247,BDB,CID57340624,1,0.08268369683195509
P41143,BDB,CID57340790,1,-0.020755221590619044
P28335,BDB,CID9921157,1,1.40085801168925
Q16445,BDB,CID100812,1,-0.3372316465554519
P31644,BDB,CID5556,1,0.8527180232926241
P35346,BDB,CID44270290,1,-1.1781246520419852
P41145,BDB,CID57340768,1,0.5942346538160059
P35372,BDB,CID57340765,1,0.7990851572192863
P28335,BDB,CID23786508,1,-0.6087933739869307
P08912,BDB,CID5452,1,0.11650556907143717
P14416,BDB,CID4748,1,0.45375503639544945
P28335,BDB,CID44373084,1,0.5474742930421872
P14416,BDB,CID2170,1,-0.6042369105822374
P35372,BDB,CID57340774,1,-0.6328739387421827
P21917,BDB,CID5452,1,0.9539444349368562
P35372,BDB,CID5360515,1,0.29092966875965587
P41145,BDB,CID57340764,1,1.0413926851582254
P35372,BDB,CID57340753,1,0.057262652965999195
P41145,BDB,CID16144003,1,-1.4596665770595258
P49146,BDB,CID91898411,1,0.1960295889978685
P41143,BDB,CID57340780,1,-0.6707387652357646
P07550,BDB,CID24094169,1,-0.8834735158094018
P07492,BDB,CID57340622,1,0.9647094628571473
P08912,BDB,CID2726,1,-0.39280036901962667
P21917,BDB,CID127912,1,1.2269457070005938
P14416,BDB,CID3396,1,0.9613938151190506
P41143,BDB,CID57340760,1,1.0092080017868241
P35348,BDB,CID16041265,1,-0.25106088256561776
P41145,BDB,CID57340754,1,1.0871501757189002
P47211,BDB,CID91898925,1,0.04742464992813744
P34969,BDB,CID2818,1,0.0895696498423133
P14416,BDB,CID3559,1,0.5584903869154623
P23975,BDB,CID57340802,1,-0.6146491186359828
P35348,BDB,CID16041263,1,-0.4286268271873048
P49146,BDB,CID57340301,1,-1.1989858666568516
P25100,BDB,CID16041264,1,0.21673077329357504
P41145,BDB,CID6394998,1,-1.0
P14416,BDB,CID65750,1,-0.42130622699625064
Q9UBL9,BDB,CID15993,1,-0.46711612260223756
P21917,BDB,CID5265,1,1.32385572000865
P28335,BDB,CID115237,1,-0.3309932190414244
P28335,BDB,CID12895728,1,-0.6453871762633865
P20309,BDB,CID4919,1,0.3198780789190172
P25929,BDB,CID57339565,1,2.0229165361308823
P35372,BDB,CID57339688,1,0.7321383675886732
P34969,BDB,CID44272242,1,0.3805272071543566
P35372,BDB,CID57340767,1,0.9082296266443546
P35372,BDB,CID107847,1,-0.9103732587310365
P08912,BDB,CID124435,1,-0.37893202287243266
P34969,BDB,CID5312148,1,-0.15753918477398354
P08912,BDB,CID62865,1,-0.31361912297200156
P07550,BDB,CID4946,1,0.9383047371077033
P28566,BDB,CID3250,1,0.0
P35346,BDB,CID71306,1,0.08069483707851433
P21917,BDB,CID22849992,1,0.5859676496422619
P21917,BDB,CID2512,1,-0.6199323895168654
P29275,BDB,CID5697,1,0.6564833308279052
P43116,BDB,CID5280360,1,0.8412828370137415
P23975,BDB,CID4976,1,1.0812298087228935
O43603,BDB,CID91898915,1,0.18364439694612678
P35372,BDB,CID3034754,1,-1.1293865609616143
Q969V1,BDB,CID57340377,1,0.2355284469075487
P29274,BDB,CID44213772,1,0.6547663418439651
P41595,BDB,CID1342,1,0.5071827746477275
P41145,BDB,CID10486131,1,0.7403626894942441
P21452,BDB,CID44307679,1,0.9945023078492685
P31644,BDB,CID119,1,-0.007619983278368991
P35367,BDB,CID941651,1,0.23062267392386104
P28222,BDB,CID5202,1,0.45637611352848406
P41595,BDB,CID57340159,1,1.0864996388371306
P41145,BDB,CID57340272,1,-1.0193051551953864
P41145,BDB,CID9811785,1,0.1383026981662816
P41595,BDB,CID31101,1,-0.6722423689797772
P41595,BDB,CID219050,1,-0.4122327648952089
P32745,BDB,CID10372019,1,-0.35148260743303616
Q9Y5N1,BDB,CID9954017,1,0.7666931911984207
P49146,BDB,CID91663443,1,0.5399120845791181
P14416,BDB,CID5355,1,-0.9799005245431225
P28222,BDB,CID1342,1,0.0058812449644820575
P0DMS8,BDB,CID5310960,1,1.2126053032379938
P31645,BDB,CID3058751,1,1.2611456764259046
P41143,BDB,CID5360515,1,-0.7472107418489289
P25929,BDB,CID57339553,1,2.0492454748532314
Q01959,BDB,CID4020,1,0.017528822608565697
P08912,BDB,CID444031,1,0.868721085360681
P35372,BDB,CID4425,1,-0.3377528026887209
P25100,BDB,CID16041449,1,0.24314871590636855
P35372,BDB,CID44369694,1,-0.7629873091193371
P28335,BDB,CID60809,1,-0.24974415924993476
P28335,BDB,CID5761,1,-0.30976320295516757
Q15722,BDB,CID5312988,1,0.436098361813964
P29371,BDB,CID57339975,1,0.24405831951056278
P23975,BDB,CID1206,1,0.14054380993887605
P49286,BDB,CID699129,1,-1.0
P35348,BDB,CID3947,1,-0.9588048112091414
P31644,BDB,CID5275,1,-0.5479638436828482
P28222,BDB,CID5358,1,0.11590406888470195
P32745,BDB,CID57339791,1,0.25338836122875463
P41143,BDB,CID9811785,1,0.5021235236897184
P14416,BDB,CID5265,1,1.7547850320594307
P35367,BDB,CID60854,1,-0.17609125905568135
P41595,BDB,CID5074,1,0.8396796114008307
P41145,BDB,CID44369694,1,-1.4262154204254083
P32745,BDB,CID44311916,1,0.440041360533991
P28335,BDB,CID2913,1,1.0019431552860016
Q12809,BDB,CID16362,1,0.0
P43119,BDB,CID5353607,0,0.0
P14416,BDB,CID121881,0,0.0
P07550,BDB,CID21722,0,0.0
P50406,BDB,CID91935559,0,0.0
P35348,BDB,CID177491,0,0.0
P28221,BDB,CID128563,0,0.0
P28566,BDB,CID3378093,0,0.0
P35367,BDB,CID4271604,0,0.0
P14416,BDB,CID23844143,0,0.0
P31645,BDB,CID5280459,0,0.0
P50406,BDB,CID23844143,0,0.0
P34969,BDB,CID5656,0,0.0
O60760,BDB,CID13730966,0,0.0
P43119,BDB,CID132749,0,0.0
P35348,BDB,CID5280459,0,0.0
P31645,BDB,CID9804174,0,0.0
P35372,BDB,CID71360,0,0.0
Q9H3N8,BDB,CID7057932,0,0.0
P35372,BDB,CID5684,0,0.0
P50406,BDB,CID92117,0,0.0
P28335,BDB,CID21310426,0,0.0
Q9H3N8,BDB,CID5684,0,0.0
P08912,BDB,CID92117,0,0.0
P08912,BDB,CID7057932,0,0.0
P14867,BDB,CID5310969,0,0.0
P20309,BDB,CID3035905,0,0.0
P28566,BDB,CID128563,0,0.0
Q9Y5N1,BDB,CID2756,0,0.0
P08912,BDB,CID125017,0,0.0
P08912,BDB,CID5281751,0,0.0
P32297,BDB,CID595,0,0.0
Q9Y345,BDB,CID3052762,0,0.0
P46098,BDB,CID25701,0,0.0
P07550,BDB,CID2159,0,0.0
P43119,BDB,CID44208909,0,0.0
P46098,BDB,CID119380,0,0.0
P14867,BDB,CID21310426,0,0.0
P25021,BDB,CID594,0,0.0
Q01959,BDB,CID1615,0,0.0
P35348,BDB,CID5656,0,0.0
P08588,BDB,CID5374,0,0.0
Q15722,BDB,CID13049254,0,0.0
P23975,BDB,CID133038,0,0.0
P46098,BDB,CID7057932,0,0.0
P46098,BDB,CID91935559,0,0.0
P46098,BDB,CID2159,0,0.0
P23975,BDB,CID876,0,0.0
Q14831,BDB,CID33032,0,0.0
P25103,BDB,CID5311424,0,0.0
P28335,BDB,CID5656,0,0.0
P43681,BDB,CID23844143,0,0.0
P41595,BDB,CID128563,0,0.0
Q01959,BDB,CID92117,0,0.0
P50406,BDB,CID7057932,0,0.0
P28221,BDB,CID5684,0,0.0
P35348,BDB,CID21310426,0,0.0
P35372,BDB,CID109,0,0.0
Q16445,BDB,CID5732,0,0.0
P50406,BDB,CID876,0,0.0
P14416,BDB,CID177491,0,0.0
P35348,BDB,CID5374,0,0.0
P13945,BDB,CID2083,0,0.0
P43119,BDB,CID44303980,0,0.0
P08912,BDB,CID37632,0,0.0
P42262,BDB,CID57340715,0,0.0
P34972,BDB,CID3379236,0,0.0
P43681,BDB,CID594,0,0.0
P35348,BDB,CID5281751,0,0.0
P49286,BDB,CID1833,0,0.0
P34969,BDB,CID594,0,0.0
P08588,BDB,CID47811,0,0.0
Q9H3N8,BDB,CID2159,0,0.0
O60760,BDB,CID9933831,0,0.0
P50406,BDB,CID5095,0,0.0
P14416,BDB,CID2771,0,0.0
P21917,BDB,CID24840389,0,0.0
P43119,BDB,CID44284806,0,0.0
P28221,BDB,CID3052762,0,0.0
P25021,BDB,CID2159,0,0.0
P42263,BDB,CID5310969,0,0.0
P35408,BDB,CID5353626,0,0.0
P46098,BDB,CID595,0,0.0
P43119,BDB,CID13730966,0,0.0
P43119,BDB,CID5311221,0,0.0
P07550,BDB,CID951,0,0.0
P43681,BDB,CID185861,0,0.0
P35348,BDB,CID4885,0,0.0
P14416,BDB,CID185861,0,0.0
P35372,BDB,CID2159,0,0.0
P50406,BDB,CID1220,0,0.0
P43681,BDB,CID4032,0,0.0
Q9Y5N1,BDB,CID2818,0,0.0
P34969,BDB,CID92117,0,0.0
P21452,BDB,CID5079497,0,0.0
Q15722,BDB,CID5780607,0,0.0
P25021,BDB,CID109,0,0.0
P35348,BDB,CID54562,0,0.0
P20309,BDB,CID5656,0,0.0
P43119,BDB,CID5282380,0,0.0
P25103,BDB,CID9816527,0,0.0
P07550,BDB,CID5775,0,0.0
P14416,BDB,CID1574,0,0.0
P21452,BDB,CID71360,0,0.0
P34969,BDB,CID4828,0,0.0
P08912,BDB,CID128563,0,0.0
Q15722,BDB,CID57340248,0,0.0
P35367,BDB,CID876,0,0.0
P20309,BDB,CID3559,0,0.0
P08912,BDB,CID75896,0,0.0
P07550,BDB,CID3696,0,0.0
P41145,BDB,CID133038,0,0.0
P31645,BDB,CID25701,0,0.0
P28221,BDB,CID4850,0,0.0
P08588,BDB,CID5095,0,0.0
P35367,BDB,CID119380,0,0.0
P28335,BDB,CID5374,0,0.0
P28221,BDB,CID65856,0,0.0
P35372,BDB,CID177491,0,0.0
P31645,BDB,CID57339948,0,0.0
Q01959,BDB,CID125017,0,0.0
P23975,BDB,CID5280805,0,0.0
P41143,BDB,CID10748995,0,0.0
P07550,BDB,CID4976,0,0.0
P35372,BDB,CID92117,0,0.0
P43119,BDB,CID53949141,0,0.0
Q99732,BDB,CID9816527,0,0.0
Q15822,BDB,CID594,0,0.0
Q15822,BDB,CID25701,0,0.0
P30939,BDB,CID68848,0,0.0
P07550,BDB,CID8223,0,0.0
P30939,BDB,CID3378093,0,0.0
P14416,BDB,CID5656,0,0.0
P43116,BDB,CID9933831,0,0.0
P14416,BDB,CID3277600,0,0.0
P28221,BDB,CID25701,0,0.0
P07550,BDB,CID2512,0,0.0
P43116,BDB,CID5311221,0,0.0
P35367,BDB,CID25149427,0,0.0
P34969,BDB,CID3052762,0,0.0
P30542,BDB,CID44457466,0,0.0
P42685,BDB,CID5291,0,0.0
P35372,BDB,CID1383884,0,0.0
P14416,BDB,CID1615,0,0.0
Q15822,BDB,CID23844143,0,0.0
P35354,BDB,CID3723424,0,0.0
P14416,BDB,CID126769,0,0.0
P13945,BDB,CID838,0,0.0
P35348,BDB,CID91935559,0,0.0
P23975,BDB,CID23844143,0,0.0
O60760,BDB,CID44303980,0,0.0
P35372,BDB,CID23844143,0,0.0
Q16478,BDB,CID11249042,0,0.0
P35367,BDB,CID109,0,0.0
P28221,BDB,CID57339948,0,0.0
Q92959,BDB,CID13532635,0,0.0
P43119,BDB,CID119461,0,0.0
P20309,BDB,CID57339948,0,0.0
Q16558,BDB,CID21310426,0,0.0
P41145,BDB,CID5280459,0,0.0
P34969,BDB,CID4893,0,0.0
P20309,BDB,CID23844143,0,0.0
P31645,BDB,CID7057932,0,0.0
P28566,BDB,CID10249573,0,0.0
Q9H3N8,BDB,CID25701,0,0.0
P28222,BDB,CID54562,0,0.0
P06307,BDB,CID9816527,0,0.0
P41145,BDB,CID5310969,0,0.0
Q01959,BDB,CID7057932,0,0.0
P35346,BDB,CID57340264,0,0.0
Q9H3N8,BDB,CID60858,0,0.0
P28566,BDB,CID121881,0,0.0
P07550,BDB,CID12224034,0,0.0
P41595,BDB,CID57242,0,0.0
P20309,BDB,CID5378597,0,0.0
Q15822,BDB,CID128563,0,0.0
Q9UBL9,BDB,CID14464640,0,0.0
P28221,BDB,CID876,0,0.0
Q01959,BDB,CID3822,0,0.0
Q92959,BDB,CID5353607,0,0.0
P25021,BDB,CID75896,0,0.0
P23975,BDB,CID60858,0,0.0
Q08209,BDB,CID21310426,0,0.0
Q15822,BDB,CID778,0,0.0
P08912,BDB,CID177491,0,0.0
P35367,BDB,CID177491,0,0.0
P28221,BDB,CID2801,0,0.0
P08912,BDB,CID5280459,0,0.0
Q14832,BDB,CID1233,0,0.0
P35354,BDB,CID4271604,0,0.0
P43116,BDB,CID123619,0,0.0
P28221,BDB,CID5280459,0,0.0
Q16445,BDB,CID107950,0,0.0
P07550,BDB,CID667466,0,0.0
P07550,BDB,CID47811,0,0.0
P25021,BDB,CID3723424,0,0.0
P28335,BDB,CID54562,0,0.0
P50406,BDB,CID5281600,0,0.0
Q92959,BDB,CID53949141,0,0.0
P31645,BDB,CID1615,0,0.0
P08588,BDB,CID2437,0,0.0
P34969,BDB,CID5378597,0,0.0
Q01959,BDB,CID3748,0,0.0
P08912,BDB,CID23844143,0,0.0
P41145,BDB,CID71360,0,0.0
P50406,BDB,CID5280805,0,0.0
P28221,BDB,CID5595,0,0.0
P43116,BDB,CID5353626,0,0.0
P50406,BDB,CID3052762,0,0.0
Q9Y587,BDB,CID21310426,0,0.0
P23975,BDB,CID5378597,0,0.0
Q16445,BDB,CID10237,0,0.0
P07550,BDB,CID4850,0,0.0
P14416,BDB,CID5163,0,0.0
P43119,BDB,CID5280360,0,0.0
P14416,BDB,CID5775,0,0.0
P28222,BDB,CID595,0,0.0
P08588,BDB,CID4284720,0,0.0
P28221,BDB,CID5280805,0,0.0
P20309,BDB,CID595,0,0.0
Q15822,BDB,CID177491,0,0.0
P35348,BDB,CID5280805,0,0.0
P23975,BDB,CID444,0,0.0
P29371,BDB,CID3052762,0,0.0
P20366,BDB,CID3035905,0,0.0
P07550,BDB,CID5095,0,0.0
P08912,BDB,CID595,0,0.0
P14416,BDB,CID21310426,0,0.0
P43119,BDB,CID5282381,0,0.0
P20396,BDB,CID21310426,0,0.0
P25021,BDB,CID6450823,0,0.0
P20309,BDB,CID5280805,0,0.0
P43681,BDB,CID25701,0,0.0
Q9H3N8,BDB,CID9954017,0,0.0
P14416,BDB,CID4271604,0,0.0
P30542,BDB,CID21310426,0,0.0
P41143,BDB,CID5311194,0,0.0
P07550,BDB,CID4926,0,0.0
P41143,BDB,CID2159,0,0.0
P24557,BDB,CID57340709,0,0.0
P28221,BDB,CID778,0,0.0
P35367,BDB,CID6422124,0,0.0
P43116,BDB,CID132749,0,0.0
Q15722,BDB,CID57340249,0,0.0
P14416,BDB,CID1206,0,0.0
P41146,BDB,CID4253,0,0.0
P50406,BDB,CID177491,0,0.0
P25021,BDB,CID134505,0,0.0
P23975,BDB,CID4850,0,0.0
P28222,BDB,CID109,0,0.0
P20309,BDB,CID125017,0,0.0
P49146,BDB,CID21310426,0,0.0
P14867,BDB,CID119380,0,0.0
P41145,BDB,CID60795,0,0.0
P30939,BDB,CID57340196,0,0.0
P43119,BDB,CID5311035,0,0.0
P48058,BDB,CID24848996,0,0.0
P08588,BDB,CID4850,0,0.0
P34998,BDB,CID71360,0,0.0
P25021,BDB,CID5684,0,0.0
P28335,BDB,CID57340195,0,0.0
P35367,BDB,CID2554,0,0.0
P28566,BDB,CID5595,0,0.0
P08588,BDB,CID44299913,0,0.0
Q92959,BDB,CID5311035,0,0.0
P46098,BDB,CID75896,0,0.0
P34969,BDB,CID91935559,0,0.0
Q9Y271,BDB,CID57340709,0,0.0
P41594,BDB,CID1221,0,0.0
P01584,BDB,CID9816527,0,0.0
P35367,BDB,CID128563,0,0.0
Q01959,BDB,CID5324346,0,0.0
P28566,BDB,CID2159,0,0.0
P17252,BDB,CID60795,0,0.0
P35348,BDB,CID2159,0,0.0
P23975,BDB,CID57339948,0,0.0
Q9H3N8,BDB,CID3100,0,0.0
P28222,BDB,CID1615,0,0.0
P14416,BDB,CID4946,0,0.0
P07550,BDB,CID4543,0,0.0
P28566,BDB,CID133038,0,0.0
P28221,BDB,CID595,0,0.0
P35348,BDB,CID5280343,0,0.0
P20309,BDB,CID444,0,0.0
P35348,BDB,CID75896,0,0.0
P08588,BDB,CID2512,0,0.0
P25021,BDB,CID876,0,0.0
P30556,BDB,CID21310426,0,0.0
P28335,BDB,CID6604889,0,0.0
P28566,BDB,CID4828,0,0.0
P07550,BDB,CID54562,0,0.0
P34969,BDB,CID7057932,0,0.0
P14416,BDB,CID1355,0,0.0
P46098,BDB,CID5280343,0,0.0
P34969,BDB,CID25701,0,0.0
P50406,BDB,CID595,0,0.0
P34969,BDB,CID5280459,0,0.0
P21554,BDB,CID57340643,0,0.0
Q02763,BDB,CID5291,0,0.0
P35348,BDB,CID109,0,0.0
Q15822,BDB,CID1383884,0,0.0
P21452,BDB,CID21310426,0,0.0
P28222,BDB,CID3277600,0,0.0
P50406,BDB,CID25701,0,0.0
P28222,BDB,CID594,0,0.0
P14416,BDB,CID5530,0,0.0
P08912,BDB,CID3559,0,0.0
P25103,BDB,CID3052762,0,0.0
P20309,BDB,CID876,0,0.0
Q15822,BDB,CID75896,0,0.0
O15303,BDB,CID1233,0,0.0
P41595,BDB,CID3386,0,0.0
P23975,BDB,CID71781,0,0.0
Q13003,BDB,CID656723,0,0.0
P25929,BDB,CID21310426,0,0.0
P32297,BDB,CID75896,0,0.0
P28222,BDB,CID23844143,0,0.0
Q01959,BDB,CID2995,0,0.0
P20309,BDB,CID185861,0,0.0
Q15822,BDB,CID185861,0,0.0
P21917,BDB,CID5163,0,0.0
P50406,BDB,CID5280343,0,0.0
P07550,BDB,CID2344,0,0.0
P21554,BDB,CID71360,0,0.0
P35408,BDB,CID5282380,0,0.0
P20309,BDB,CID92117,0,0.0
P21917,BDB,CID21310426,0,0.0
P20309,BDB,CID5281751,0,0.0
P14867,BDB,CID4585,0,0.0
P14416,BDB,CID125017,0,0.0
P41143,BDB,CID128563,0,0.0
P46098,BDB,CID109,0,0.0
P35372,BDB,CID60795,0,0.0
P30411,BDB,CID21310426,0,0.0
P28222,BDB,CID177491,0,0.0
P20309,BDB,CID5533,0,0.0
P35408,BDB,CID5311035,0,0.0
Q9Y271,BDB,CID3723424,0,0.0
Q8TB61,BDB,CID125017,0,0.0
P14416,BDB,CID128563,0,0.0
P21452,BDB,CID3052762,0,0.0
O15303,BDB,CID128563,0,0.0
P14416,BDB,CID91899088,0,0.0
O60760,BDB,CID44208909,0,0.0
P28335,BDB,CID896,0,0.0
P31645,BDB,CID5280805,0,0.0
P43681,BDB,CID75896,0,0.0
P35367,BDB,CID444,0,0.0
Q16445,BDB,CID3016,0,0.0
P25021,BDB,CID10389213,0,0.0
P25021,BDB,CID23844143,0,0.0
P28335,BDB,CID4828,0,0.0
O60760,BDB,CID132749,0,0.0
P43681,BDB,CID128563,0,0.0
P28221,BDB,CID2771,0,0.0
Ret proto-oncogene,BDB,CID5291,0,0.0
P32297,BDB,CID23844143,0,0.0
P43116,BDB,CID5353607,0,0.0
P07550,BDB,CID71360,0,0.0
P08912,BDB,CID876,0,0.0
P08588,BDB,CID2159,0,0.0
P46098,BDB,CID5280805,0,0.0
P35367,BDB,CID21310426,0,0.0
P25100,BDB,CID4885,0,0.0
O95153,BDB,CID21310426,0,0.0
P31645,BDB,CID3748,0,0.0
P14416,BDB,CID1383884,0,0.0
P32297,BDB,CID876,0,0.0
P35372,BDB,CID5280805,0,0.0
P20309,BDB,CID134505,0,0.0
Q16099,BDB,CID44281569,0,0.0
Q9H3N8,BDB,CID9884746,0,0.0
P24530,BDB,CID21310426,0,0.0
Q01959,BDB,CID5770,0,0.0
P23975,BDB,CID2159,0,0.0
P34969,BDB,CID5281751,0,0.0
P35372,BDB,CID10748995,0,0.0
P25103,BDB,CID3693566,0,0.0
P29274,BDB,CID1676,0,0.0
P28335,BDB,CID5358,0,0.0
Q9Y5N1,BDB,CID2913,0,0.0
O00222,BDB,CID128563,0,0.0
Q92959,BDB,CID44303980,0,0.0
P49286,BDB,CID5202,0,0.0
P35372,BDB,CID5378597,0,0.0
P01133,BDB,CID21310426,0,0.0
P25103,BDB,CID5079497,0,0.0
P43681,BDB,CID177491,0,0.0
P08912,BDB,CID60858,0,0.0
P14416,BDB,CID4284720,0,0.0
P14416,BDB,CID7057932,0,0.0
P34969,BDB,CID185861,0,0.0
P43681,BDB,CID778,0,0.0
P50406,BDB,CID5281751,0,0.0
P31645,BDB,CID3945,0,0.0
P34969,BDB,CID681,0,0.0
P31645,BDB,CID1614,0,0.0
Q96RJ0,BDB,CID951,0,0.0
P29274,BDB,CID44457469,0,0.0
P28335,BDB,CID43815,0,0.0
P25100,BDB,CID54562,0,0.0
P14416,BDB,CID3386,0,0.0
P20309,BDB,CID37632,0,0.0
P35408,BDB,CID44284806,0,0.0
P14416,BDB,CID10657292,0,0.0
P50406,BDB,CID594,0,0.0
P34972,BDB,CID1383884,0,0.0
P35367,BDB,CID2756,0,0.0
P28222,BDB,CID57340196,0,0.0
P25021,BDB,CID185861,0,0.0
P42261,BDB,CID24848996,0,0.0
P20309,BDB,CID60858,0,0.0
Q14832,BDB,CID45089168,0,0.0
P51451,BDB,CID644241,0,0.0
P29275,BDB,CID3668,0,0.0
P28335,BDB,CID5310969,0,0.0
P35348,BDB,CID5378597,0,0.0
P35348,BDB,CID37632,0,0.0
P24557,BDB,CID4271604,0,0.0
O60760,BDB,CID5311053,0,0.0
P34969,BDB,CID951,0,0.0
P29274,BDB,CID5310969,0,0.0
P28335,BDB,CID4850,0,0.0
P35348,BDB,CID5281600,0,0.0
P28221,BDB,CID92117,0,0.0
P14416,BDB,CID836,0,0.0
P35354,BDB,CID57340709,0,0.0
P28335,BDB,CID9925999,0,0.0
Q01959,BDB,CID1383884,0,0.0
P35348,BDB,CID185861,0,0.0
P25021,BDB,CID4271604,0,0.0
P34969,BDB,CID778,0,0.0
P46098,BDB,CID177491,0,0.0
P14416,BDB,CID60835,0,0.0
P48058,BDB,CID127894,0,0.0
P23975,BDB,CID1383884,0,0.0
P13945,BDB,CID2249,0,0.0
P28566,BDB,CID3822,0,0.0
P24557,BDB,CID3723424,0,0.0
P23975,BDB,CID5280459,0,0.0
O15303,BDB,CID40539,0,0.0
P14416,BDB,CID119380,0,0.0
P30542,BDB,CID71360,0,0.0
O60760,BDB,CID13532635,0,0.0
Q92959,BDB,CID5282381,0,0.0
P25021,BDB,CID9954017,0,0.0
P31645,BDB,CID5281751,0,0.0
P28221,BDB,CID23844143,0,0.0
P29275,BDB,CID3086599,0,0.0
P43119,BDB,CID5353560,0,0.0
P07550,BDB,CID5374,0,0.0
Q9Y5N1,BDB,CID4992,0,0.0
P35348,BDB,CID65856,0,0.0
Q15722,BDB,CID6003773,0,0.0
P34972,BDB,CID10097960,0,0.0
P13945,BDB,CID3343,0,0.0
Q9H3N8,BDB,CID2766326,0,0.0
P25021,BDB,CID3035905,0,0.0
P35348,BDB,CID23844143,0,0.0
Q15722,BDB,CID6303773,0,0.0
P25105,BDB,CID57340709,0,0.0
Q92959,BDB,CID5282380,0,0.0
P20309,BDB,CID40589,0,0.0
P41145,BDB,CID5281600,0,0.0
P25100,BDB,CID951,0,0.0
P35367,BDB,CID5656,0,0.0
P34972,BDB,CID1548943,0,0.0
P14416,BDB,CID37632,0,0.0
P35367,BDB,CID134505,0,0.0
P41594,BDB,CID45089168,0,0.0
P28335,BDB,CID4885,0,0.0
O60674,BDB,CID5291,0,0.0
P14416,BDB,CID92117,0,0.0
P34969,BDB,CID128563,0,0.0
P46098,BDB,CID9805719,0,0.0
P28221,BDB,CID1615,0,0.0
P28222,BDB,CID2771,0,0.0
P07550,BDB,CID4885,0,0.0
Q13936,BDB,CID21310426,0,0.0
P35346,BDB,CID57340265,0,0.0
P25021,BDB,CID21310426,0,0.0
P07550,BDB,CID12441,0,0.0
P35367,BDB,CID2159,0,0.0
Q15822,BDB,CID134505,0,0.0
P41594,BDB,CID2207,0,0.0
P29275,BDB,CID5022,0,0.0
P35367,BDB,CID23897,0,0.0
P08912,BDB,CID1383884,0,0.0
Q92959,BDB,CID5280360,0,0.0
P34969,BDB,CID5311096,0,0.0
Q16445,BDB,CID5556,0,0.0
P43119,BDB,CID13532635,0,0.0
P14416,BDB,CID25701,0,0.0
Q01959,BDB,CID778,0,0.0
Q12809,BDB,CID1383884,0,0.0
P34969,BDB,CID109,0,0.0
Q9NPC1,BDB,CID6087757,0,0.0
Q15822,BDB,CID1615,0,0.0
P43119,BDB,CID9933831,0,0.0
P08912,BDB,CID5533,0,0.0
P23975,BDB,CID3675,0,0.0
P42262,BDB,CID656723,0,0.0
P08912,BDB,CID15387,0,0.0
Q01959,BDB,CID5666,0,0.0
P43116,BDB,CID13730966,0,0.0
P32297,BDB,CID1549781,0,0.0
Q9H3N8,BDB,CID10389213,0,0.0
P14416,BDB,CID5595,0,0.0
P08912,BDB,CID5280343,0,0.0
P28566,BDB,CID5656,0,0.0
P35367,BDB,CID43815,0,0.0
P46098,BDB,CID5280459,0,0.0
P21554,BDB,CID125017,0,0.0
P41145,BDB,CID57339948,0,0.0
Q01959,BDB,CID185861,0,0.0
Q01959,BDB,CID177491,0,0.0
P28566,BDB,CID5684,0,0.0
Q9H3N8,BDB,CID134505,0,0.0
P50406,BDB,CID5280459,0,0.0
P31645,BDB,CID5666,0,0.0
P32297,BDB,CID1615,0,0.0
P41145,BDB,CID11804285,0,0.0
Q92959,BDB,CID132749,0,0.0
P20309,BDB,CID7057932,0,0.0
P30939,BDB,CID4828,0,0.0
P08912,BDB,CID778,0,0.0
Q9NPC1,BDB,CID4271604,0,0.0
P23975,BDB,CID40589,0,0.0
P28221,BDB,CID109,0,0.0
P31645,BDB,CID778,0,0.0
P23975,BDB,CID7057932,0,0.0
P43119,BDB,CID5311053,0,0.0
P28566,BDB,CID57340196,0,0.0
P28222,BDB,CID2801,0,0.0
Q01959,BDB,CID60858,0,0.0
P35367,BDB,CID3035905,0,0.0
P35367,BDB,CID37632,0,0.0
P32297,BDB,CID21310426,0,0.0
P23975,BDB,CID5281751,0,0.0
P35372,BDB,CID57339948,0,0.0
Q9NPC1,BDB,CID3723424,0,0.0
P30411,BDB,CID3052762,0,0.0
P14416,BDB,CID1614,0,0.0
P34969,BDB,CID108182,0,0.0
P28221,BDB,CID5280343,0,0.0
P29371,BDB,CID5310969,0,0.0
P41594,BDB,CID1222,0,0.0
P61278,BDB,CID21310426,0,0.0
Q15822,BDB,CID876,0,0.0
Q9Y5N1,BDB,CID21310426,0,0.0
P35408,BDB,CID5311221,0,0.0
P41143,BDB,CID2828,0,0.0
P28221,BDB,CID5378597,0,0.0
P29371,BDB,CID71360,0,0.0
P43116,BDB,CID5282380,0,0.0
P49286,BDB,CID4893,0,0.0
P28222,BDB,CID5374,0,0.0
Q01959,BDB,CID75896,0,0.0
P14416,BDB,CID3822,0,0.0
P28566,BDB,CID3052762,0,0.0
P08588,BDB,CID71360,0,0.0
P35348,BDB,CID57242,0,0.0
P07550,BDB,CID3007,0,0.0
P28221,BDB,CID3277600,0,0.0
P30542,BDB,CID125017,0,0.0
P43681,BDB,CID876,0,0.0
P07550,BDB,CID44299913,0,0.0
P12821,BDB,CID9816527,0,0.0
P46098,BDB,CID133038,0,0.0
Q9H3N8,BDB,CID327764,0,0.0
P32297,BDB,CID128563,0,0.0
P46098,BDB,CID92117,0,0.0
P34969,BDB,CID838,0,0.0
P28222,BDB,CID92117,0,0.0
Q01959,BDB,CID594,0,0.0
P48169,BDB,CID107950,0,0.0
P30939,BDB,CID3052762,0,0.0
P46098,BDB,CID5281600,0,0.0
Q01959,BDB,CID667468,0,0.0
P28335,BDB,CID119376,0,0.0
P56373,BDB,CID14464640,0,0.0
P35367,BDB,CID327764,0,0.0
P31645,BDB,CID5280343,0,0.0
P14416,BDB,CID75896,0,0.0
Q16445,BDB,CID3380,0,0.0
P41595,BDB,CID4885,0,0.0
P46098,BDB,CID876,0,0.0
P35367,BDB,CID9882979,0,0.0
P46098,BDB,CID57339948,0,0.0
P34969,BDB,CID876,0,0.0
P29274,BDB,CID21310426,0,0.0
P14416,BDB,CID2554,0,0.0
P28222,BDB,CID108182,0,0.0
P14416,BDB,CID778,0,0.0
Q9H3N8,BDB,CID23844143,0,0.0
P43119,BDB,CID6030697,0,0.0
P23975,BDB,CID185861,0,0.0
P23975,BDB,CID1615,0,0.0
P50406,BDB,CID128563,0,0.0
P14416,BDB,CID446220,0,0.0
P23975,BDB,CID109,0,0.0
P28335,BDB,CID2725,0,0.0
P41145,BDB,CID57340769,0,0.0
Q9H3N8,BDB,CID778,0,0.0
P09917,BDB,CID57340709,0,0.0
P23975,BDB,CID25701,0,0.0
Q99571,BDB,CID3597695,0,0.0
P35367,BDB,CID595,0,0.0
P42574,BDB,CID9816527,0,0.0
P28221,BDB,CID177491,0,0.0
Q9H3N8,BDB,CID594,0,0.0
P35372,BDB,CID128563,0,0.0
P43403,BDB,CID5291,0,0.0
P32297,BDB,CID123990,0,0.0
P50406,BDB,CID5378597,0,0.0
P20309,BDB,CID2159,0,0.0
P28222,BDB,CID7057932,0,0.0
P31645,BDB,CID3675,0,0.0
P32297,BDB,CID1383884,0,0.0
P34972,BDB,CID125017,0,0.0
P46098,BDB,CID594,0,0.0
P41145,BDB,CID5280343,0,0.0
P23975,BDB,CID3748,0,0.0
P35408,BDB,CID1615,0,0.0
P51575,BDB,CID21310426,0,0.0
Q9H3N8,BDB,CID185861,0,0.0
P21917,BDB,CID4284720,0,0.0
P23975,BDB,CID9804174,0,0.0
Q9NPC1,BDB,CID5090,0,0.0
P14416,BDB,CID134505,0,0.0
P0DMS8,BDB,CID71360,0,0.0
P14416,BDB,CID444,0,0.0
P23975,BDB,CID595,0,0.0
P41145,BDB,CID5311481,0,0.0
P35372,BDB,CID134505,0,0.0
P08912,BDB,CID134505,0,0.0
P31645,BDB,CID4205,0,0.0
P41595,BDB,CID6604889,0,0.0
P14867,BDB,CID121881,0,0.0
P41145,BDB,CID5280805,0,0.0
P07550,BDB,CID6005,0,0.0
P35408,BDB,CID132749,0,0.0
Q15722,BDB,CID5283169,0,0.0
P41145,BDB,CID2828,0,0.0
P46098,BDB,CID21310426,0,0.0
P25103,BDB,CID119380,0,0.0
P35372,BDB,CID25701,0,0.0
P0DMS8,BDB,CID1676,0,0.0
P32297,BDB,CID1316,0,0.0
P28222,BDB,CID75896,0,0.0
P07550,BDB,CID681,0,0.0
Q14831,BDB,CID68841,0,0.0
P14416,BDB,CID595,0,0.0
P32239,BDB,CID21310426,0,0.0
Q15822,BDB,CID595,0,0.0
P35367,BDB,CID3723424,0,0.0
P32297,BDB,CID778,0,0.0
Q9NPC1,BDB,CID23196931,0,0.0
P25021,BDB,CID25701,0,0.0
O60760,BDB,CID5353626,0,0.0
P31645,BDB,CID23844143,0,0.0
P25021,BDB,CID1383884,0,0.0
P35348,BDB,CID134505,0,0.0
P14416,BDB,CID65856,0,0.0
P29274,BDB,CID71360,0,0.0
O60760,BDB,CID5311035,0,0.0
P42263,BDB,CID119380,0,0.0
Q01959,BDB,CID25701,0,0.0
Q9UBL9,BDB,CID92199,0,0.0
Q92959,BDB,CID13730966,0,0.0
P08912,BDB,CID4067466,0,0.0
P23975,BDB,CID5310969,0,0.0
P35348,BDB,CID3052762,0,0.0
P07550,BDB,CID5403,0,0.0
P46098,BDB,CID23844143,0,0.0
P08912,BDB,CID109,0,0.0
P35372,BDB,CID7057932,0,0.0
Q01959,BDB,CID65856,0,0.0
P35367,BDB,CID7057932,0,0.0
P35367,BDB,CID3058751,0,0.0
P28222,BDB,CID4850,0,0.0
P41145,BDB,CID5378597,0,0.0
P42262,BDB,CID11249042,0,0.0
P34972,BDB,CID15998383,0,0.0
P17252,BDB,CID21310426,0,0.0
Q01959,BDB,CID71781,0,0.0
P28221,BDB,CID57242,0,0.0
Q9NPC1,BDB,CID6003773,0,0.0
P50406,BDB,CID778,0,0.0
P34969,BDB,CID1383884,0,0.0
P08581,BDB,CID5291,0,0.0
Q01959,BDB,CID5310969,0,0.0
P25100,BDB,CID2159,0,0.0
P46098,BDB,CID5281751,0,0.0
P28335,BDB,CID5312148,0,0.0
P34969,BDB,CID5684,0,0.0
P14416,BDB,CID5202,0,0.0
P31645,BDB,CID876,0,0.0
P30939,BDB,CID108182,0,0.0
P43681,BDB,CID134505,0,0.0
Q01959,BDB,CID23844143,0,0.0
P28221,BDB,CID21310426,0,0.0
P08912,BDB,CID5684,0,0.0
P25100,BDB,CID9925530,0,0.0
P46098,BDB,CID1615,0,0.0
P50406,BDB,CID133038,0,0.0
P30939,BDB,CID9863250,0,0.0
P31645,BDB,CID5378597,0,0.0
P08912,BDB,CID5281600,0,0.0
P25021,BDB,CID1615,0,0.0
Q14831,BDB,CID2207,0,0.0
Q92959,BDB,CID6030697,0,0.0
Q01959,BDB,CID57340808,0,0.0
P28221,BDB,CID594,0,0.0
P50406,BDB,CID57339948,0,0.0
P41143,BDB,CID5684,0,0.0
Q01959,BDB,CID44449944,0,0.0
P35367,BDB,CID3001055,0,0.0
P23975,BDB,CID119380,0,0.0
P09917,BDB,CID4271604,0,0.0
P35367,BDB,CID1383884,0,0.0
P41143,BDB,CID71360,0,0.0
P21554,BDB,CID1548943,0,0.0
P28566,BDB,CID108182,0,0.0
P08912,BDB,CID444,0,0.0
P30542,BDB,CID119380,0,0.0
P50406,BDB,CID1615,0,0.0
P50406,BDB,CID75896,0,0.0
P28335,BDB,CID444,0,0.0
P34969,BDB,CID57339948,0,0.0
P25103,BDB,CID57339975,0,0.0
P25105,BDB,CID4271604,0,0.0
P13945,BDB,CID2159,0,0.0
P34972,BDB,CID5808649,0,0.0
P41595,BDB,CID5656,0,0.0
P28222,BDB,CID185861,0,0.0
P31645,BDB,CID109,0,0.0
P08912,BDB,CID71360,0,0.0
P09917,BDB,CID3723424,0,0.0
P30411,BDB,CID9816527,0,0.0
Q01959,BDB,CID2771,0,0.0
P35367,BDB,CID185861,0,0.0
Q9H3N8,BDB,CID109,0,0.0
P43116,BDB,CID5311053,0,0.0
P28222,BDB,CID9925530,0,0.0
Q9Y5N1,BDB,CID3001055,0,0.0
Q01959,BDB,CID40589,0,0.0
P28335,BDB,CID9925530,0,0.0
P50406,BDB,CID5312148,0,0.0
P28222,BDB,CID778,0,0.0
P14416,BDB,CID57340709,0,0.0
P32297,BDB,CID594,0,0.0
Q01959,BDB,CID162180,0,0.0
P35367,BDB,CID778,0,0.0
P21917,BDB,CID836,0,0.0
P35348,BDB,CID44299913,0,0.0
P35348,BDB,CID9925530,0,0.0
P20309,BDB,CID75896,0,0.0
P35372,BDB,CID5280343,0,0.0
P43681,BDB,CID1383884,0,0.0
Q92959,BDB,CID5311221,0,0.0
P23975,BDB,CID91935559,0,0.0
P50406,BDB,CID1383884,0,0.0
P28221,BDB,CID5374,0,0.0
P34972,BDB,CID57340643,0,0.0
P28566,BDB,CID1383884,0,0.0
P35348,BDB,CID57339948,0,0.0
P28221,BDB,CID9925999,0,0.0
P08588,BDB,CID6005,0,0.0
P35372,BDB,CID133038,0,0.0
P32297,BDB,CID185861,0,0.0
P43119,BDB,CID57340192,0,0.0
Q15822,BDB,CID1316,0,0.0
P08588,BDB,CID3343,0,0.0
O15303,BDB,CID33032,0,0.0
P35367,BDB,CID75896,0,0.0
P20309,BDB,CID5280459,0,0.0
P20309,BDB,CID941650,0,0.0
P28566,BDB,CID5311096,0,0.0
P23975,BDB,CID134505,0,0.0
P35408,BDB,CID119461,0,0.0
P28222,BDB,CID1383884,0,0.0
P41595,BDB,CID3052762,0,0.0
P35348,BDB,CID9925999,0,0.0
P34969,BDB,CID177491,0,0.0
P30542,BDB,CID5310969,0,0.0
P34969,BDB,CID774,0,0.0
P35408,BDB,CID60795,0,0.0
P31645,BDB,CID10657292,0,0.0
P35348,BDB,CID7057932,0,0.0
Q15822,BDB,CID109,0,0.0
P28335,BDB,CID37632,0,0.0
P14416,BDB,CID5310969,0,0.0
P25105,BDB,CID21310426,0,0.0
Q15722,BDB,CID23196931,0,0.0
P35372,BDB,CID595,0,0.0
Q01959,BDB,CID5202,0,0.0
P35372,BDB,CID5281751,0,0.0
Q9NPC1,BDB,CID57340709,0,0.0
P08912,BDB,CID594,0,0.0
P28566,BDB,CID60858,0,0.0
P30990,BDB,CID21310426,0,0.0
P34969,BDB,CID5281600,0,0.0
Q01959,BDB,CID2159,0,0.0
P28566,BDB,CID3277600,0,0.0
P28221,BDB,CID1383884,0,0.0
P28222,BDB,CID65856,0,0.0
P50391,BDB,CID57339557,0,0.0
P21802,BDB,CID5291,0,0.0
P08912,BDB,CID91935559,0,0.0
P35367,BDB,CID4946,0,0.0
O15303,BDB,CID6604704,0,0.0
P35367,BDB,CID4284720,0,0.0
P08912,BDB,CID5378597,0,0.0
P21917,BDB,CID1383884,0,0.0
P20309,BDB,CID1383884,0,0.0
P20309,BDB,CID594,0,0.0
P32297,BDB,CID25701,0,0.0
P25021,BDB,CID595,0,0.0
Q01959,BDB,CID876,0,0.0
P41143,BDB,CID5310969,0,0.0
P25100,BDB,CID57242,0,0.0
P35367,BDB,CID25701,0,0.0
Q01959,BDB,CID3947,0,0.0
P20309,BDB,CID23897,0,0.0
P34969,BDB,CID1615,0,0.0
P34969,BDB,CID134505,0,0.0
P35348,BDB,CID778,0,0.0
P23975,BDB,CID5281600,0,0.0
P41595,BDB,CID13781102,0,0.0
P30939,BDB,CID5656,0,0.0
P14416,BDB,CID9882979,0,0.0
P0DMS8,BDB,CID176408,0,0.0
P28221,BDB,CID5281600,0,0.0
P0DMS8,BDB,CID2153,0,0.0
P35408,BDB,CID2159,0,0.0
P56373,BDB,CID92199,0,0.0
P35367,BDB,CID3052762,0,0.0
P32297,BDB,CID134505,0,0.0
P28566,BDB,CID1615,0,0.0
P25021,BDB,CID177491,0,0.0
P14416,BDB,CID3723424,0,0.0
P31645,BDB,CID594,0,0.0
P17655,BDB,CID21310426,0,0.0
P25021,BDB,CID327764,0,0.0
P25021,BDB,CID6422124,0,0.0
Q9H3N8,BDB,CID60795,0,0.0
P23975,BDB,CID92117,0,0.0
P21917,BDB,CID60858,0,0.0
P35372,BDB,CID91935559,0,0.0
P50406,BDB,CID134505,0,0.0
P06213,BDB,CID5291,0,0.0
P41143,BDB,CID3052762,0,0.0
P29275,BDB,CID657378,0,0.0
P46098,BDB,CID60858,0,0.0
P31645,BDB,CID5530,0,0.0
P31645,BDB,CID595,0,0.0
P31645,BDB,CID92117,0,0.0
P08912,BDB,CID185861,0,0.0
P29323,BDB,CID5291,0,0.0
P35367,BDB,CID10237,0,0.0
Q9H3N8,BDB,CID595,0,0.0
P32297,BDB,CID7057932,0,0.0
Q13003,BDB,CID127894,0,0.0
P41145,BDB,CID5281751,0,0.0
P35372,BDB,CID75896,0,0.0
P25021,BDB,CID60795,0,0.0
P13945,BDB,CID3052762,0,0.0
P14416,BDB,CID9925999,0,0.0
P34972,BDB,CID57340635,0,0.0
P43119,BDB,CID44311013,0,0.0
P42263,BDB,CID21310426,0,0.0
P20309,BDB,CID71360,0,0.0
P25105,BDB,CID3723424,0,0.0
O60760,BDB,CID44284806,0,0.0
P14416,BDB,CID594,0,0.0
P41143,BDB,CID133038,0,0.0
P35408,BDB,CID5353607,0,0.0
P46098,BDB,CID185861,0,0.0
P14416,BDB,CID876,0,0.0
P20309,BDB,CID5281600,0,0.0
P28335,BDB,CID5311096,0,0.0
Q9H3N8,BDB,CID3001055,0,0.0
P21554,BDB,CID5808649,0,0.0
P41594,BDB,CID5310979,0,0.0
Q9H3N8,BDB,CID75896,0,0.0
P50406,BDB,CID185861,0,0.0
P42262,BDB,CID57340714,0,0.0
Q01959,BDB,CID65833,0,0.0
O60760,BDB,CID5311221,0,0.0
P35367,BDB,CID23844143,0,0.0
P54762,BDB,CID5291,0,0.0
Q9Y5N1,BDB,CID3100,0,0.0
P35348,BDB,CID92117,0,0.0
P41595,BDB,CID5374,0,0.0
Q9H3N8,BDB,CID2756,0,0.0
P29371,BDB,CID21310426,0,0.0
P08912,BDB,CID5656,0,0.0
O60760,BDB,CID5282380,0,0.0
O60760,BDB,CID5282381,0,0.0
P08912,BDB,CID2159,0,0.0
P14416,BDB,CID3007,0,0.0
P07550,BDB,CID3052762,0,0.0
P28221,BDB,CID185861,0,0.0
Q9H3N8,BDB,CID9818903,0,0.0
Q15822,BDB,CID7057932,0,0.0
P13945,BDB,CID4171,0,0.0
P35348,BDB,CID25701,0,0.0
P35408,BDB,CID44303980,0,0.0
P11362,BDB,CID5291,0,0.0
P35408,BDB,CID9933831,0,0.0
P28335,BDB,CID57340196,0,0.0
P20309,BDB,CID25701,0,0.0
P08912,BDB,CID5073,0,0.0
P28221,BDB,CID5281751,0,0.0
P35372,BDB,CID778,0,0.0
Q9H3N8,BDB,CID876,0,0.0
P51451,BDB,CID5291,0,0.0
P20309,BDB,CID778,0,0.0
P20309,BDB,CID5073,0,0.0
Q92959,BDB,CID5311242,0,0.0
P34969,BDB,CID5280343,0,0.0
P30939,BDB,CID57340195,0,0.0
P20309,BDB,CID128563,0,0.0
P08588,BDB,CID21310426,0,0.0
P43119,BDB,CID5353626,0,0.0
P28222,BDB,CID876,0,0.0
P41145,BDB,CID1383884,0,0.0
P14416,BDB,CID4528,0,0.0
Q01959,BDB,CID109,0,0.0
P08588,BDB,CID4885,0,0.0
P20309,BDB,CID15387,0,0.0
P25103,BDB,CID5310969,0,0.0
P20309,BDB,CID91935559,0,0.0
P46098,BDB,CID778,0,0.0
P23975,BDB,CID778,0,0.0
Q9Y271,BDB,CID4271604,0,0.0
P41595,BDB,CID54562,0,0.0
P48058,BDB,CID656723,0,0.0
P41594,BDB,CID128563,0,0.0
P28222,BDB,CID5095,0,0.0
P05771,BDB,CID21310426,0,0.0
P28222,BDB,CID5595,0,0.0
Q01959,BDB,CID595,0,0.0
P23975,BDB,CID5280343,0,0.0
O60760,BDB,CID5353607,0,0.0
Q9UBL9,BDB,CID3838,0,0.0
Q01959,BDB,CID6101829,0,0.0
P14416,BDB,CID5011,0,0.0
P35348,BDB,CID595,0,0.0
P35348,BDB,CID876,0,0.0
P32297,BDB,CID177491,0,0.0
P28335,BDB,CID3052762,0,0.0
P28566,BDB,CID57340195,0,0.0
O60760,BDB,CID6030697,0,0.0
P32239,BDB,CID3052762,0,0.0
P50406,BDB,CID5684,0,0.0
P28566,BDB,CID9863250,0,0.0
P48039,BDB,CID1833,0,0.0
P30939,BDB,CID10249573,0,0.0
P07550,BDB,CID57242,0,0.0
P29597,BDB,CID5291,0,0.0
P51575,BDB,CID3943541,0,0.0
P25103,BDB,CID71360,0,0.0
P35372,BDB,CID5281600,0,0.0
P23975,BDB,CID5533,0,0.0
P34969,BDB,CID75896,0,0.0
P48039,BDB,CID4893,0,0.0
P13945,BDB,CID5403,0,0.0
Q01959,BDB,CID9925999,0,0.0
P35372,BDB,CID5311481,0,0.0
P46098,BDB,CID128563,0,0.0
P35346,BDB,CID57340266,0,0.0
P08588,BDB,CID54562,0,0.0
P20309,BDB,CID5280343,0,0.0
P14416,BDB,CID3058751,0,0.0
P25100,BDB,CID44299913,0,0.0
P29274,BDB,CID119380,0,0.0
P43681,BDB,CID109,0,0.0
P43681,BDB,CID7057932,0,0.0
P08912,BDB,CID57339948,0,0.0
P35367,BDB,CID594,0,0.0
P20309,BDB,CID177491,0,0.0
P43116,BDB,CID13532635,0,0.0
P32297,BDB,CID109,0,0.0
P35372,BDB,CID876,0,0.0
P35372,BDB,CID185861,0,0.0
P14416,BDB,CID43815,0,0.0
P28222,BDB,CID57242,0,0.0
Q01959,BDB,CID3022645,0,0.0
P28335,BDB,CID2159,0,0.0
P34969,BDB,CID3292447,0,0.0
P50406,BDB,CID5311096,0,0.0
P28222,BDB,CID3052762,0,0.0
P35372,BDB,CID5280459,0,0.0
P43116,BDB,CID44284806,0,0.0
P14867,BDB,CID1355,0,0.0
Q14832,BDB,CID1222,0,0.0
P20309,BDB,CID4067466,0,0.0
P54760,BDB,CID5291,0,0.0
P46098,BDB,CID134505,0,0.0
P28222,BDB,CID9925999,0,0.0
P35367,BDB,CID4449,0,0.0
P35348,BDB,CID594,0,0.0
P25021,BDB,CID9884746,0,0.0
P43119,BDB,CID12314605,0,0.0
P25021,BDB,CID57340709,0,0.0
P28221,BDB,CID108182,0,0.0
P35348,BDB,CID1383884,0,0.0
P14416,BDB,CID114743,0,0.0
P41595,BDB,CID43815,0,0.0
P20366,BDB,CID3035746,0,0.0
P35348,BDB,CID1615,0,0.0
P35367,BDB,CID5684,0,0.0
Q9H3N8,BDB,CID177491,0,0.0
P25021,BDB,CID7057932,0,0.0
P43116,BDB,CID57340192,0,0.0
Q01959,BDB,CID119380,0,0.0
P41143,BDB,CID60795,0,0.0
P08912,BDB,CID25701,0,0.0
P28222,BDB,CID5656,0,0.0
P46098,BDB,CID5378597,0,0.0
P08588,BDB,CID5403,0,0.0
P41145,BDB,CID2159,0,0.0
P41595,BDB,CID5358,0,0.0
P32247,BDB,CID91898967,0,0.0
P35348,BDB,CID3779,0,0.0
P35367,BDB,CID57340709,0,0.0
P48048,BDB,CID21310426,0,0.0
P14416,BDB,CID854031,0,0.0
P23975,BDB,CID177491,0,0.0
P46098,BDB,CID1383884,0,0.0
P28221,BDB,CID54562,0,0.0
P35372,BDB,CID3052762,0,0.0
Q01959,BDB,CID5365247,0,0.0
P35348,BDB,CID5095,0,0.0
P28221,BDB,CID91935559,0,0.0
P41145,BDB,CID91935559,0,0.0
P31645,BDB,CID177491,0,0.0
P50406,BDB,CID109,0,0.0
P31644,BDB,CID5732,0,0.0
P43116,BDB,CID44311013,0,0.0
P50406,BDB,CID9925530,0,0.0
P35348,BDB,CID128563,0,0.0
P35367,BDB,CID6450823,0,0.0
P28335,BDB,CID5095,0,0.0
P48169,BDB,CID5732,0,0.0
P07550,BDB,CID21310426,0,0.0
P50406,BDB,CID10811059,0,0.0
P34969,BDB,CID23844143,0,0.0
P34969,BDB,CID5280805,0,0.0
P14416,BDB,CID3052762,0,0.0
P25929,BDB,CID13858266,0,0.0
P35372,BDB,CID594,0,0.0
P14416,BDB,CID109,0,0.0
P51813,BDB,CID5291,0,0.0
P23975,BDB,CID594,0,0.0
P25100,BDB,CID5095,0,0.0
Q9NPB8,BDB,CID9816527,0,0.0
P28566,BDB,CID5312148,0,0.0
P28221,BDB,CID75896,0,0.0
P36544,BDB,CID1615,0,0.0
P25021,BDB,CID778,0,0.0
Q92959,BDB,CID5353626,0,0.0
P32297,BDB,CID44354684,0,0.0
Q01959,BDB,CID4205,0,0.0
P34969,BDB,CID595,0,0.0
P28221,BDB,CID5656,0,0.0
P25103,BDB,CID21310426,0,0.0
P20309,BDB,CID109,0,0.0
P56373,BDB,CID3838,0,0.0
Q9NPC1,BDB,CID21310426,0,0.0
P23975,BDB,CID75896,0,0.0
P08588,BDB,CID3052762,0,0.0
P21554,BDB,CID57340635,0,0.0
P28222,BDB,CID25701,0,0.0
P08588,BDB,CID57242,0,0.0
Q01959,BDB,CID134505,0,0.0
P43116,BDB,CID6030697,0,0.0
P28222,BDB,CID128563,0,0.0
P42262,BDB,CID24848996,0,0.0
P08912,BDB,CID40589,0,0.0
P31645,BDB,CID134505,0,0.0
P07550,BDB,CID941651,0,0.0
P43681,BDB,CID595,0,0.0
